-- phpMyAdmin SQL Dump
-- version 4.9.0.1
-- https://www.phpmyadmin.net/
--
-- Host: 127.0.0.1
-- Generation Time: Jul 10, 2023 at 07:40 PM
-- Server version: 10.3.15-MariaDB
-- PHP Version: 7.3.6

SET SQL_MODE = "NO_AUTO_VALUE_ON_ZERO";
SET AUTOCOMMIT = 0;
START TRANSACTION;
SET time_zone = "+00:00";


/*!40101 SET @OLD_CHARACTER_SET_CLIENT=@@CHARACTER_SET_CLIENT */;
/*!40101 SET @OLD_CHARACTER_SET_RESULTS=@@CHARACTER_SET_RESULTS */;
/*!40101 SET @OLD_COLLATION_CONNECTION=@@COLLATION_CONNECTION */;
/*!40101 SET NAMES utf8mb4 */;

--
-- Database: `envcode_db`
--

-- --------------------------------------------------------

--
-- Table structure for table `ci_sessions`
--

CREATE TABLE `ci_sessions` (
  `id` varchar(40) NOT NULL,
  `ip_address` varchar(45) NOT NULL,
  `timestamp` int(10) UNSIGNED NOT NULL DEFAULT 0,
  `data` blob NOT NULL
) ENGINE=InnoDB DEFAULT CHARSET=latin1;

--
-- Dumping data for table `ci_sessions`
--

INSERT INTO `ci_sessions` (`id`, `ip_address`, `timestamp`, `data`) VALUES
('b4b99e368e8a04d8f54831e76aea278a99bc4ff3', '115.98.198.153', 1682694366, 0x5f5f63695f6c6173745f726567656e65726174657c693a313638323639343336363b7375626455726c7c733a32383a2268747470733a2f2f6369656e6369656d656574696e67732e636f6d2f223b7573657269647c733a313a2236223b66697273746e616d657c733a373a224c616b73686d69223b6c6173746e616d657c733a313a2250223b75736572747970657c733a313a2232223b666f6c6465724e616d657c733a32313a22696e66656374696f75732d64697365617365735f34223b636f6e666572656e636549647c733a313a2234223b69735f6c6f676765645f696e7c693a313b),
('f5ad5fc0284d8ba6520c7db4fd8b0b8e4147a20d', '115.98.199.63', 1682694767, 0x5f5f63695f6c6173745f726567656e65726174657c693a313638323639343736373b7375626455726c7c733a32383a2268747470733a2f2f6369656e6369656d656574696e67732e636f6d2f223b7573657269647c693a313b66697273746e616d657c733a353a225368697661223b6c6173746e616d657c733a373a225368616e6b6172223b75736572747970657c693a313b636f6e666572656e636549647c733a313a2235223b69735f6c6f676765645f696e7c693a313b666f6c6465724e616d657c733a31323a22706564696174726963735f35223b),
('45c2010dd37c0879e704c891b0a872eac3810d78', '185.191.171.18', 1682693871, 0x5f5f63695f6c6173745f726567656e65726174657c693a313638323639333837313b),
('7f318387f18d00aa8dd9e1d128a0ab4521ac7c02', '78.86.128.94', 1682694633, 0x5f5f63695f6c6173745f726567656e65726174657c693a313638323639343633333b636f6e666572656e636549647c733a313a2232223b635f7265675f75736572735f69647c693a37343b7573725f656d61696c7c733a32323a2279756b7468696b613136313640676d61696c2e636f6d223b),
('cf3f05229cf1992b13ca5f78885e1e593be99599', '115.98.198.153', 1682694884, 0x5f5f63695f6c6173745f726567656e65726174657c693a313638323639343838343b7375626455726c7c733a32383a2268747470733a2f2f6369656e6369656d656574696e67732e636f6d2f223b7573657269647c733a313a2233223b66697273746e616d657c733a363a2244454550414b223b6c6173746e616d657c733a353a2253494e4748223b75736572747970657c733a313a2232223b666f6c6465724e616d657c733a31373a226575726f2d706564696174726963735f32223b636f6e666572656e636549647c733a313a2232223b69735f6c6f676765645f696e7c693a313b),
('7eedecd1b4ae9409c947c8ccc1f3aef992652bcc', '4.204.198.166', 1682694425, 0x5f5f63695f6c6173745f726567656e65726174657c693a313638323639343432353b),
('31eb882ddb5a8cad5c9507b8400ddce84b2b0f1f', '40.74.138.112', 1682694476, 0x5f5f63695f6c6173745f726567656e65726174657c693a313638323639343437363b),
('fb0c70208770d62277ef65ae20dfcdd383798474', '40.94.29.60', 1682694503, 0x5f5f63695f6c6173745f726567656e65726174657c693a313638323639343530333b),
('20bb6fdb818847a4da14eb1817e7a8f46ca70576', '78.86.128.94', 1682694716, 0x5f5f63695f6c6173745f726567656e65726174657c693a313638323639343633333b636f6e666572656e636549647c733a313a2232223b635f7265675f75736572735f69647c693a37343b7573725f656d61696c7c733a32323a2279756b7468696b613136313640676d61696c2e636f6d223b),
('81350da091b88a7b08f624f91d7d7acdcdc1e6ef', '115.98.199.63', 1682697649, 0x5f5f63695f6c6173745f726567656e65726174657c693a313638323639373634393b7375626455726c7c733a32383a2268747470733a2f2f6369656e6369656d656574696e67732e636f6d2f223b7573657269647c693a313b66697273746e616d657c733a353a225368697661223b6c6173746e616d657c733a373a225368616e6b6172223b75736572747970657c693a313b636f6e666572656e636549647c733a313a2235223b69735f6c6f676765645f696e7c693a313b666f6c6465724e616d657c733a31323a22706564696174726963735f35223b),
('00c79401526d4cd1c8969ed1a7266b2dda1dd6a0', '20.91.189.128', 1682694821, 0x5f5f63695f6c6173745f726567656e65726174657c693a313638323639343832313b),
('5e6e044e3cc52ace1c1c0a37d059c8269f79ecde', '115.98.198.153', 1682695731, 0x5f5f63695f6c6173745f726567656e65726174657c693a313638323639353733313b7375626455726c7c733a32383a2268747470733a2f2f6369656e6369656d656574696e67732e636f6d2f223b7573657269647c733a313a2233223b66697273746e616d657c733a363a2244454550414b223b6c6173746e616d657c733a353a2253494e4748223b75736572747970657c733a313a2232223b666f6c6465724e616d657c733a31373a226575726f2d706564696174726963735f32223b636f6e666572656e636549647c733a313a2232223b69735f6c6f676765645f696e7c693a313b635f7265675f75736572735f69647c693a37353b7573725f656d61696c7c733a32323a2279756b7468696b613136313640676d61696c2e636f6d223b),
('09b31a219e8f99256f89f369b14548a26fa5115a', '115.98.199.63', 1682695298, 0x5f5f63695f6c6173745f726567656e65726174657c693a313638323639353239383b),
('5b2a6a01b9c76f8208af8da09c92c9558f5e35c8', '115.98.199.63', 1682695298, 0x5f5f63695f6c6173745f726567656e65726174657c693a313638323639353239383b),
('54cdc3fdec8e3394a89c912712d15e853db9232e', '115.98.198.153', 1682695980, 0x5f5f63695f6c6173745f726567656e65726174657c693a313638323639353938303b7375626455726c7c733a32383a2268747470733a2f2f6369656e6369656d656574696e67732e636f6d2f223b),
('958162d228286a971aba25f6ef60917798f576c0', '40.94.97.62', 1682696174, 0x5f5f63695f6c6173745f726567656e65726174657c693a313638323639363137343b),
('20bb4702723a799be7120b3b0265af353e45c8bd', '18.185.115.205', 1682696208, 0x5f5f63695f6c6173745f726567656e65726174657c693a313638323639363230383b),
('ac66a832968deab2af6bed62bc251e174bd3ddc0', '35.225.82.182', 1682696406, 0x5f5f63695f6c6173745f726567656e65726174657c693a313638323639363430363b),
('419393ae5aff09f696ec8f3f25c7037dfa63ce28', '35.205.159.124', 1682696408, 0x5f5f63695f6c6173745f726567656e65726174657c693a313638323639363430383b),
('65ca0954bfe30e9e94a1d9b0bb28c1f1f9336beb', '16.16.55.94', 1682696409, 0x5f5f63695f6c6173745f726567656e65726174657c693a313638323639363430393b),
('03156ec32cbc4b28f64b9330230e306690c24822', '40.94.26.193', 1682696460, 0x5f5f63695f6c6173745f726567656e65726174657c693a313638323639363436303b),
('ea0db2274b3270404578b0ed56b7617dba2855d4', '40.94.25.152', 1682696628, 0x5f5f63695f6c6173745f726567656e65726174657c693a313638323639363632383b),
('96dd46203521d15c9e8d9f0b50e02fcbc83ae718', '62.153.218.86', 1682697012, 0x5f5f63695f6c6173745f726567656e65726174657c693a313638323639373031323b),
('9cfd80f73b8061dab372d1a6051425980c5d1ef4', '40.94.97.73', 1682697108, 0x5f5f63695f6c6173745f726567656e65726174657c693a313638323639373130383b),
('94d030b232de61ef97cd0a0c3b9067b9ead917d1', '20.91.189.128', 1682697289, 0x5f5f63695f6c6173745f726567656e65726174657c693a313638323639373238393b),
('92d3134343a1f30e824c2294101bae0976eb98cc', '40.94.103.50', 1682697352, 0x5f5f63695f6c6173745f726567656e65726174657c693a313638323639373335323b),
('10be16fe588e7188fb0970ed1fa8ad318720173e', '20.119.242.15', 1682697397, 0x5f5f63695f6c6173745f726567656e65726174657c693a313638323639373339373b),
('d4b5018707d1c67874949042f1fab8a21c5b9b9c', '47.19.177.246', 1682697664, 0x5f5f63695f6c6173745f726567656e65726174657c693a313638323639373532373b),
('e174b63e28ef3f01addfbd9605d0e3b41f66d2a9', '115.98.199.63', 1682697654, 0x5f5f63695f6c6173745f726567656e65726174657c693a313638323639373635343b),
('155bbefa58ac099da6e407e11b23fd9dff117872', '115.98.199.63', 1682698405, 0x5f5f63695f6c6173745f726567656e65726174657c693a313638323639383430353b7375626455726c7c733a32383a2268747470733a2f2f6369656e6369656d656574696e67732e636f6d2f223b7573657269647c733a313a2231223b66697273746e616d657c733a353a2261646d696e223b6c6173746e616d657c733a353a2261646d696e223b75736572747970657c733a313a2231223b69735f6c6f676765645f696e7c693a313b),
('bc32fe1fc5b8186849a02f19609d5f71cbc63d0d', '115.98.198.153', 1682698016, 0x5f5f63695f6c6173745f726567656e65726174657c693a313638323639383031363b),
('b659dc6190ced3e6458b90f61332fce98fb5c1e9', '40.94.100.47', 1682698017, 0x5f5f63695f6c6173745f726567656e65726174657c693a313638323639383031373b),
('7301cb1c7f97b8c55417ce278fb5f82b844ace39', '157.90.181.151', 1682698037, 0x5f5f63695f6c6173745f726567656e65726174657c693a313638323639383033373b),
('ad31308e38ad61e21b41050bca580126e3a2dcaf', '157.90.181.151', 1682698043, 0x5f5f63695f6c6173745f726567656e65726174657c693a313638323639383034333b),
('f6bf9ee3912a8d3d0f56f32cb53688676696d2ae', '138.91.5.47', 1682698044, 0x5f5f63695f6c6173745f726567656e65726174657c693a313638323639383034343b),
('e735003e7b75a5706f8b53c2e49e9f4565af586c', '157.90.181.151', 1682698045, 0x5f5f63695f6c6173745f726567656e65726174657c693a313638323639383034353b),
('a24d17671af65b9a9927eead0eb98a4c46dcb252', '157.90.181.151', 1682698050, 0x5f5f63695f6c6173745f726567656e65726174657c693a313638323639383035303b),
('8de4d9332ed75c85ba934840ab841d057e32eca7', '157.90.181.151', 1682698053, 0x5f5f63695f6c6173745f726567656e65726174657c693a313638323639383035333b),
('68a2e82f62f52d92008013a424b90a60fef75937', '157.90.181.151', 1682698060, 0x5f5f63695f6c6173745f726567656e65726174657c693a313638323639383036303b),
('ca85c15efd2fbd2f8e05c5c2e7397bff23f3b120', '20.104.132.102', 1682698060, 0x5f5f63695f6c6173745f726567656e65726174657c693a313638323639383036303b),
('4eb419e8c04a3455c76f57b33eec24e8f2ccc464', '157.90.181.151', 1682698063, 0x5f5f63695f6c6173745f726567656e65726174657c693a313638323639383036333b),
('57b85b75a287af02ba0fc5c07ab56236ed5667ba', '40.94.30.204', 1682698064, 0x5f5f63695f6c6173745f726567656e65726174657c693a313638323639383036343b),
('52471ef033855eb6f0e09cd493d392b9e88a9109', '157.90.181.151', 1682698067, 0x5f5f63695f6c6173745f726567656e65726174657c693a313638323639383036373b),
('2749bca27a831220ec4242a28f104efc41a89b6e', '157.90.181.151', 1682698070, 0x5f5f63695f6c6173745f726567656e65726174657c693a313638323639383037303b),
('2ee1297c2b19ec5cc158a2b1a31aca6d1447d92e', '157.90.181.151', 1682698080, 0x5f5f63695f6c6173745f726567656e65726174657c693a313638323639383038303b),
('7b56906ab5ae09dc1e5fac1bfb11dae28fd60920', '157.90.181.151', 1682698084, 0x5f5f63695f6c6173745f726567656e65726174657c693a313638323639383038333b),
('a053428c95f62416e2ee167e3a10a78754885f68', '157.90.181.151', 1682698087, 0x5f5f63695f6c6173745f726567656e65726174657c693a313638323639383038373b),
('4fb60c432ffbe0581ffd43cae840186735946257', '157.90.181.151', 1682698090, 0x5f5f63695f6c6173745f726567656e65726174657c693a313638323639383039303b),
('fa6a3dc45facfb62c339915673ecf1a5472c0424', '157.90.181.151', 1682698094, 0x5f5f63695f6c6173745f726567656e65726174657c693a313638323639383039343b),
('32685481f424d051231002e9e16dc4a2ba751a51', '157.90.181.151', 1682698097, 0x5f5f63695f6c6173745f726567656e65726174657c693a313638323639383039373b),
('feecbd182d0a7511c03b178a9f0fd9f76c465ccc', '157.90.181.151', 1682698101, 0x5f5f63695f6c6173745f726567656e65726174657c693a313638323639383130313b),
('3e86e9e2bf79c9483686d82800bccca74d4d23a7', '157.90.181.151', 1682698105, 0x5f5f63695f6c6173745f726567656e65726174657c693a313638323639383130353b),
('e4f8b2fde36cf2486da62b52358b69ea2e82b710', '54.150.43.47', 1682698106, 0x5f5f63695f6c6173745f726567656e65726174657c693a313638323639383130363b),
('e28051b761a3bdaa2be87a79f1c80dd56002df53', '157.90.181.151', 1682698112, 0x5f5f63695f6c6173745f726567656e65726174657c693a313638323639383131323b),
('0fe315f54ec9dbd688a511906f8a332197781381', '193.196.237.25', 1682698224, 0x5f5f63695f6c6173745f726567656e65726174657c693a313638323639383232343b),
('589dbbbd2111ea97ab908b00c8dc619ff2ed3232', '193.196.237.25', 1682698224, 0x5f5f63695f6c6173745f726567656e65726174657c693a313638323639383232343b),
('b68f422e3d0f2706ba819f30f2355e329e4fb25d', '115.98.199.63', 1682698712, 0x5f5f63695f6c6173745f726567656e65726174657c693a313638323639383731323b7375626455726c7c733a32383a2268747470733a2f2f6369656e6369656d656574696e67732e636f6d2f223b7573657269647c733a313a2231223b66697273746e616d657c733a353a2261646d696e223b6c6173746e616d657c733a353a2261646d696e223b75736572747970657c733a313a2231223b69735f6c6f676765645f696e7c693a313b636f6e666572656e636549647c733a313a2232223b635f7265675f75736572735f69647c693a37363b7573725f656d61696c7c733a32323a2264656570616b64736d73313940676d61696c2e636f6d223b),
('e5c3256f86712784011f42ce945ddbfd691a16a6', '205.169.39.246', 1682698572, 0x5f5f63695f6c6173745f726567656e65726174657c693a313638323639383537323b),
('963476b1cb3e4082c4fbf979f5a1070657bed32a', '205.169.39.246', 1682698592, 0x5f5f63695f6c6173745f726567656e65726174657c693a313638323639383539323b),
('65136372982e46eb68dda7e46562d86f6096901e', '115.98.199.63', 1682698797, 0x5f5f63695f6c6173745f726567656e65726174657c693a313638323639383731323b7375626455726c7c733a32383a2268747470733a2f2f6369656e6369656d656574696e67732e636f6d2f223b7573657269647c733a313a2231223b66697273746e616d657c733a353a2261646d696e223b6c6173746e616d657c733a353a2261646d696e223b75736572747970657c733a313a2231223b69735f6c6f676765645f696e7c693a313b636f6e666572656e636549647c733a313a2232223b635f7265675f75736572735f69647c693a37363b7573725f656d61696c7c733a32323a2264656570616b64736d73313940676d61696c2e636f6d223b),
('660badf7638823e9d6532149053879b60acf5ddc', '54.187.251.83', 1682698995, 0x5f5f63695f6c6173745f726567656e65726174657c693a313638323639383939353b),
('9ea1803292c929e6658b6f2fe8bee5d9c9f03460', '40.94.90.97', 1682700289, 0x5f5f63695f6c6173745f726567656e65726174657c693a313638323730303238393b),
('5007bc452d4037e2cb3367f35a5dc0e8fe0ec539', '3.81.30.61', 1682700326, 0x5f5f63695f6c6173745f726567656e65726174657c693a313638323730303332353b),
('928521d796f2e121b4f0c423a8b37e3a223595ca', '42.200.28.90', 1682700438, 0x5f5f63695f6c6173745f726567656e65726174657c693a313638323730303433383b),
('8914dad5c59f84396e4ba58d270fb1a7dccd5ac1', '42.200.28.90', 1682700439, 0x5f5f63695f6c6173745f726567656e65726174657c693a313638323730303433393b),
('586b26dc5bd3ae997b42be8adb5b46571cf5a6e6', '42.200.28.90', 1682700441, 0x5f5f63695f6c6173745f726567656e65726174657c693a313638323730303434313b),
('312ac3e00e08b7c1c1df5eed51f90cf04d8d579f', '42.200.28.90', 1682700442, 0x5f5f63695f6c6173745f726567656e65726174657c693a313638323730303434323b),
('cc544fe9f5f15f388d7ee757772558b4ce32fb1a', '42.200.28.90', 1682700443, 0x5f5f63695f6c6173745f726567656e65726174657c693a313638323730303434333b),
('ec63026a4b706e6265504b5f57c579a6e5a1e34b', '42.200.28.90', 1682700444, 0x5f5f63695f6c6173745f726567656e65726174657c693a313638323730303434343b),
('38b1be1b7fd3ea5d9578bab9fb764f83cef3afcb', '42.200.28.90', 1682700445, 0x5f5f63695f6c6173745f726567656e65726174657c693a313638323730303434353b),
('138cbac6343a3c69d35d5452f17d414b8acc1b18', '42.200.28.90', 1682700446, 0x5f5f63695f6c6173745f726567656e65726174657c693a313638323730303434363b),
('1b374a563a40eb006eecded21275e6689b085ec9', '42.200.28.90', 1682700447, 0x5f5f63695f6c6173745f726567656e65726174657c693a313638323730303434373b),
('3a8a221fcf217143607d0c5337dd5040cc6a2d01', '42.200.28.90', 1682700448, 0x5f5f63695f6c6173745f726567656e65726174657c693a313638323730303434383b),
('130fc51162a1d74b4669f15489386b866297ce13', '42.200.28.90', 1682700449, 0x5f5f63695f6c6173745f726567656e65726174657c693a313638323730303434393b6661696c7c733a33393a224661696c656420746f205375626d69742e20506c656173652054727920416761696e204f6e6365223b),
('9bf909e019ca42b5a2f8dbac8098c66b5c949dc9', '42.200.28.90', 1682700450, 0x5f5f63695f6c6173745f726567656e65726174657c693a313638323730303435303b),
('4efdc8a38072893a3488dcf42125bf74975e7928', '42.200.28.90', 1682700453, 0x5f5f63695f6c6173745f726567656e65726174657c693a313638323730303435333b),
('96be0a62438e2676118fbd556d65d8b1ac51ab04', '42.200.28.90', 1682700454, 0x5f5f63695f6c6173745f726567656e65726174657c693a313638323730303435343b),
('91f4293b4e1b06a780dabb216c4ccc9ef918f4ec', '42.200.28.90', 1682700456, 0x5f5f63695f6c6173745f726567656e65726174657c693a313638323730303435363b),
('26f1dc156839fcfab2631c157f24db1d8923ceca', '42.200.28.90', 1682700457, 0x5f5f63695f6c6173745f726567656e65726174657c693a313638323730303435373b),
('c20a4d02d1731e9d4b8664b47372e8eea35ea7d9', '42.200.28.90', 1682700458, 0x5f5f63695f6c6173745f726567656e65726174657c693a313638323730303435383b),
('9d68060c0fb6e629e4484145a4f8defff65e772b', '42.200.28.90', 1682700459, 0x5f5f63695f6c6173745f726567656e65726174657c693a313638323730303435393b),
('459de38f56dd146812996608cf55681ff78cb4a5', '42.200.28.90', 1682700461, 0x5f5f63695f6c6173745f726567656e65726174657c693a313638323730303436313b),
('15c03a1a7a81d07afbd9f08f624c5b0c4e7023b3', '42.200.28.90', 1682700462, 0x5f5f63695f6c6173745f726567656e65726174657c693a313638323730303436323b),
('dfb543efc3c3a607f47206ec97a02f196b58051f', '42.200.28.90', 1682700464, 0x5f5f63695f6c6173745f726567656e65726174657c693a313638323730303436343b),
('7bc610b6d07fab1c0489a1aff9d00a37d2b04589', '42.200.28.90', 1682700465, 0x5f5f63695f6c6173745f726567656e65726174657c693a313638323730303436353b),
('cbd1e0f495a8c45a1e02e6fd21535d552d19883a', '42.200.28.90', 1682700465, 0x5f5f63695f6c6173745f726567656e65726174657c693a313638323730303436353b),
('78fca4f5dbf50a37c91ad61b6d162050e2d02018', '42.200.28.90', 1682700466, 0x5f5f63695f6c6173745f726567656e65726174657c693a313638323730303436363b),
('a5dd4acfe73e5c290cc066c1b6c237fe8622168b', '42.200.28.90', 1682700467, 0x5f5f63695f6c6173745f726567656e65726174657c693a313638323730303436373b),
('171e713bc5d91968c0742c1db1ae97af98a076cd', '144.121.180.19', 1682700505, 0x5f5f63695f6c6173745f726567656e65726174657c693a313638323730303530353b),
('e9ef2aefc4a5636099ad8bfa96d505a37eaad2e8', '20.29.217.202', 1682700505, 0x5f5f63695f6c6173745f726567656e65726174657c693a313638323730303530353b),
('c12730fb07e44dfea1b565322bc2d864c9142461', '54.244.132.208', 1682700846, 0x5f5f63695f6c6173745f726567656e65726174657c693a313638323730303834363b),
('5080440b73c32996ab2309cc38eeb3900cb37126', '40.86.204.254', 1682700892, 0x5f5f63695f6c6173745f726567656e65726174657c693a313638323730303839323b),
('a1369fcfb54c5c64c36b63adef514fb0d400b421', '51.142.137.96', 1682700976, 0x5f5f63695f6c6173745f726567656e65726174657c693a313638323730303937363b),
('3e0b36a1c14217072b7fd277183fb9b8f99a9dea', '209.222.82.127', 1682701009, 0x5f5f63695f6c6173745f726567656e65726174657c693a313638323730313030393b),
('b986c687384452ceb2690b2af4aaff836e833a07', '52.202.236.132', 1682701017, 0x5f5f63695f6c6173745f726567656e65726174657c693a313638323730313031373b),
('bc4b09dca7d795ce56df72fb382f437e4beabafa', '40.94.103.17', 1682701056, 0x5f5f63695f6c6173745f726567656e65726174657c693a313638323730313035363b),
('4900f69179e614004c75492f14cba57cd80b6e26', '213.32.79.212', 1682710282, 0x5f5f63695f6c6173745f726567656e65726174657c693a313638323731303238323b),
('096f3604a200ea4d6b4f3b263a7caef41f869657', '213.32.79.212', 1682710411, 0x5f5f63695f6c6173745f726567656e65726174657c693a313638323731303238323b),
('0c4b3e45445a30cb30711c078049c641c879946f', '17.241.75.175', 1682710659, 0x5f5f63695f6c6173745f726567656e65726174657c693a313638323731303635393b),
('878b694ba9d2793b2c7231aad067ab8ec11d6467', '130.219.10.42', 1682711106, 0x5f5f63695f6c6173745f726567656e65726174657c693a313638323731313034303b),
('fb69aee75c49dd70146ba50b26f0ab119ac309ca', '5.108.18.185', 1682711265, 0x5f5f63695f6c6173745f726567656e65726174657c693a313638323731313236353b),
('88bcc1c79a061a00527900eb3c1f44ef9d4fb891', '179.241.202.52', 1682711308, 0x5f5f63695f6c6173745f726567656e65726174657c693a313638323731313236383b),
('103774ea39ada3335c49d792092cb58cd51a3c8d', '5.108.18.185', 1682711784, 0x5f5f63695f6c6173745f726567656e65726174657c693a313638323731313738343b),
('eb7ab228d9f726461222965a13ff0faf3e977056', '5.108.18.185', 1682711784, 0x5f5f63695f6c6173745f726567656e65726174657c693a313638323731313738343b636f6e666572656e636549647c733a313a2235223b635f7265675f75736572735f69647c693a37373b7573725f656d61696c7c733a32383a2264726e657665696e5f73656a65656e6940686f746d61696c2e636f6d223b),
('8f0c88d47f3d19b475293ad9c736d3f5f02c0f7a', '54.36.148.166', 1682715016, 0x5f5f63695f6c6173745f726567656e65726174657c693a313638323731353031363b),
('618fb7f3fb548acd74711cec0929656217ea2fc0', '20.7.159.167', 1682715518, 0x5f5f63695f6c6173745f726567656e65726174657c693a313638323731353531383b),
('6e6ec2fe0ad1865c70e10d1fd8a5130537492299', '40.94.34.66', 1682715526, 0x5f5f63695f6c6173745f726567656e65726174657c693a313638323731353532363b),
('033532a1e29fd8ee41137ed44224b79a895e2b25', '158.106.193.141', 1682718824, 0x5f5f63695f6c6173745f726567656e65726174657c693a313638323731383639363b),
('c15e085f069a0269e9281dc3e0d0540b39e8ce51', '54.36.148.248', 1682719751, 0x5f5f63695f6c6173745f726567656e65726174657c693a313638323731393735313b),
('62d992f9a83a05fc73d9882ab1474da4c228af3e', '51.211.29.183', 1682724653, 0x5f5f63695f6c6173745f726567656e65726174657c693a313638323732343635333b),
('27020e4394f843796b4ecdbf5439fd7349a7309b', '51.211.29.183', 1682720923, 0x5f5f63695f6c6173745f726567656e65726174657c693a313638323732303932333b),
('6dfcdc8c8f827d987f15373af2628ed431a37c36', '51.211.29.183', 1682724592, 0x5f5f63695f6c6173745f726567656e65726174657c693a313638323732343539323b),
('05710a64ebb46cc9cbdac9e7cead53ed3dc05bda', '185.191.171.6', 1682721533, 0x5f5f63695f6c6173745f726567656e65726174657c693a313638323732313533333b),
('c0e941befa35813ded3526782451c5208e6d5571', '185.191.171.36', 1682721722, 0x5f5f63695f6c6173745f726567656e65726174657c693a313638323732313732323b),
('beb057e3ca276573a6cf71d41457204422888a09', '124.185.167.30', 1682723845, 0x5f5f63695f6c6173745f726567656e65726174657c693a313638323732333834353b),
('ddce8935131e2456c6170e5aebb99391bab15db1', '124.185.167.30', 1682726692, 0x5f5f63695f6c6173745f726567656e65726174657c693a313638323732363639323b),
('81874a49428dae2b51b185e98ac6e2dda92023e6', '51.211.29.183', 1682725065, 0x5f5f63695f6c6173745f726567656e65726174657c693a313638323732353036353b),
('319e1a4497a77ef05ee2396f816b1ee93fe45944', '51.211.29.183', 1682725061, 0x5f5f63695f6c6173745f726567656e65726174657c693a313638323732353036313b),
('cdf41988a2d2645da323c3eb9b6ac7214d2454ed', '51.211.29.183', 1682725061, 0x5f5f63695f6c6173745f726567656e65726174657c693a313638323732353036313b),
('021b5c45dcdbf8c5a6341e34b09c62da946f4bf4', '51.211.29.183', 1682725091, 0x5f5f63695f6c6173745f726567656e65726174657c693a313638323732353036353b),
('a0a11b9f4c31651e1e618e7c0fecd9d64bcb62cd', '124.185.167.30', 1682726692, 0x5f5f63695f6c6173745f726567656e65726174657c693a313638323732363639323b),
('ac93aaa9c6832ef896a118c46759c8f594531a52', '185.191.171.26', 1682726994, 0x5f5f63695f6c6173745f726567656e65726174657c693a313638323732363939343b),
('b48917164ebae4f6610d23eeb820f3ec54e3d559', '54.36.148.66', 1682727454, 0x5f5f63695f6c6173745f726567656e65726174657c693a313638323732373435343b),
('1eade6c9e6ed9d427d4854ef42d51bf2f373f8f1', '60.98.104.29', 1682730199, 0x5f5f63695f6c6173745f726567656e65726174657c693a313638323733303138363b),
('1116c4ad7dd2635eed3d1916bfc7d465a2f5f6fa', '66.249.65.240', 1682730515, 0x5f5f63695f6c6173745f726567656e65726174657c693a313638323733303531353b),
('a999d0b28e6660da084b2c3ff4427ec12ff079dc', '223.238.7.38', 1682733151, 0x5f5f63695f6c6173745f726567656e65726174657c693a313638323733333135313b7375626455726c7c733a32383a2268747470733a2f2f6369656e6369656d656574696e67732e636f6d2f223b),
('f6e29382402a513633c713ad9e84c8f8abec8833', '27.6.13.120', 1682740984, 0x5f5f63695f6c6173745f726567656e65726174657c693a313638323734303938343b7375626455726c7c733a32383a2268747470733a2f2f6369656e6369656d656574696e67732e636f6d2f223b7573657269647c733a313a2236223b66697273746e616d657c733a373a224c616b73686d69223b6c6173746e616d657c733a313a2250223b75736572747970657c733a313a2232223b666f6c6465724e616d657c733a32313a22696e66656374696f75732d64697365617365735f34223b636f6e666572656e636549647c733a313a2234223b69735f6c6f676765645f696e7c693a313b),
('023cb2602fa6830f05c7afd867c731a9565504aa', '27.6.137.25', 1682735188, 0x5f5f63695f6c6173745f726567656e65726174657c693a313638323733353138383b7375626455726c7c733a32383a2268747470733a2f2f6369656e6369656d656574696e67732e636f6d2f223b7573657269647c733a313a2237223b66697273746e616d657c733a363a2244454550414b223b6c6173746e616d657c733a353a2253494e4748223b75736572747970657c733a313a2232223b666f6c6465724e616d657c733a31323a22706564696174726963735f35223b636f6e666572656e636549647c733a313a2235223b69735f6c6f676765645f696e7c693a313b),
('85642381aff9e9d16a9f06b44b257c447e9eccac', '27.6.137.25', 1682740290, 0x5f5f63695f6c6173745f726567656e65726174657c693a313638323734303239303b7375626455726c7c733a32383a2268747470733a2f2f6369656e6369656d656574696e67732e636f6d2f223b7573657269647c733a313a2237223b66697273746e616d657c733a363a2244454550414b223b6c6173746e616d657c733a353a2253494e4748223b75736572747970657c733a313a2232223b666f6c6465724e616d657c733a31323a22706564696174726963735f35223b636f6e666572656e636549647c733a313a2235223b69735f6c6f676765645f696e7c693a313b),
('baa839ec30fae2c62c5994dbdcf21c126b34ec60', '185.191.171.4', 1682738832, 0x5f5f63695f6c6173745f726567656e65726174657c693a313638323733383833323b),
('66e194daf01cb0173d97de57295f569fa01ffd42', '65.154.226.169', 1682738845, 0x5f5f63695f6c6173745f726567656e65726174657c693a313638323733383834353b),
('b78eb361044d9809ac927f3af4b6ffe2492bc80e', '27.6.137.25', 1682741196, 0x5f5f63695f6c6173745f726567656e65726174657c693a313638323734313139363b7375626455726c7c733a32383a2268747470733a2f2f6369656e6369656d656574696e67732e636f6d2f223b7573657269647c733a313a2237223b66697273746e616d657c733a363a2244454550414b223b6c6173746e616d657c733a353a2253494e4748223b75736572747970657c733a313a2232223b666f6c6465724e616d657c733a31323a22706564696174726963735f35223b636f6e666572656e636549647c733a313a2235223b69735f6c6f676765645f696e7c693a313b),
('1bc6c831b28b750b61bd07c919d8ea27fe46fde6', '27.6.13.120', 1682743026, 0x5f5f63695f6c6173745f726567656e65726174657c693a313638323734333032363b7375626455726c7c733a32383a2268747470733a2f2f6369656e6369656d656574696e67732e636f6d2f223b7573657269647c733a313a2236223b66697273746e616d657c733a373a224c616b73686d69223b6c6173746e616d657c733a313a2250223b75736572747970657c733a313a2232223b666f6c6465724e616d657c733a32313a22696e66656374696f75732d64697365617365735f34223b636f6e666572656e636549647c733a313a2234223b69735f6c6f676765645f696e7c693a313b),
('51528b13424bd287b6708e7414c56387b2887674', '27.6.13.120', 1682741006, 0x5f5f63695f6c6173745f726567656e65726174657c693a313638323734313030363b),
('b57c0318fa1117a8c7df63e3e951c75bcf44e66a', '27.6.137.25', 1682741805, 0x5f5f63695f6c6173745f726567656e65726174657c693a313638323734313830353b7375626455726c7c733a32383a2268747470733a2f2f6369656e6369656d656574696e67732e636f6d2f223b7573657269647c733a313a2237223b66697273746e616d657c733a363a2244454550414b223b6c6173746e616d657c733a353a2253494e4748223b75736572747970657c733a313a2232223b666f6c6465724e616d657c733a31323a22706564696174726963735f35223b636f6e666572656e636549647c733a313a2235223b69735f6c6f676765645f696e7c693a313b),
('85466886ba48817a74c78938a086e541c92128ef', '126.254.207.26', 1682741290, 0x5f5f63695f6c6173745f726567656e65726174657c693a313638323734313239303b),
('e307b9732882d2a901c2aee6e9b9eaec86e988e0', '66.249.65.244', 1682741382, 0x5f5f63695f6c6173745f726567656e65726174657c693a313638323734313338323b),
('27287c207ba7ad2cd33cf8999435aa98a29286ad', '27.6.137.25', 1682742215, 0x5f5f63695f6c6173745f726567656e65726174657c693a313638323734323231353b7375626455726c7c733a32383a2268747470733a2f2f6369656e6369656d656574696e67732e636f6d2f223b7573657269647c733a313a2237223b66697273746e616d657c733a363a2244454550414b223b6c6173746e616d657c733a353a2253494e4748223b75736572747970657c733a313a2232223b666f6c6465724e616d657c733a31323a22706564696174726963735f35223b636f6e666572656e636549647c733a313a2235223b69735f6c6f676765645f696e7c693a313b),
('b57b4995123adbfebcf26eda057fd95e407c5177', '27.6.137.25', 1682743156, 0x5f5f63695f6c6173745f726567656e65726174657c693a313638323734333135363b7375626455726c7c733a32383a2268747470733a2f2f6369656e6369656d656574696e67732e636f6d2f223b7573657269647c733a313a2237223b66697273746e616d657c733a363a2244454550414b223b6c6173746e616d657c733a353a2253494e4748223b75736572747970657c733a313a2232223b666f6c6465724e616d657c733a31323a22706564696174726963735f35223b636f6e666572656e636549647c733a313a2235223b69735f6c6f676765645f696e7c693a313b),
('a05fab5801318191d33f34d942e7096c87ad7787', '27.6.137.25', 1682744687, 0x5f5f63695f6c6173745f726567656e65726174657c693a313638323734343638373b7375626455726c7c733a32383a2268747470733a2f2f6369656e6369656d656574696e67732e636f6d2f223b7573657269647c733a313a2236223b66697273746e616d657c733a373a224c616b73686d69223b6c6173746e616d657c733a313a2250223b75736572747970657c733a313a2232223b666f6c6465724e616d657c733a32313a22696e66656374696f75732d64697365617365735f34223b636f6e666572656e636549647c733a313a2234223b69735f6c6f676765645f696e7c693a313b),
('c32e6768cb5a63db3d87eb019592676f0ba0896e', '27.6.137.25', 1682743501, 0x5f5f63695f6c6173745f726567656e65726174657c693a313638323734333530313b7375626455726c7c733a32383a2268747470733a2f2f6369656e6369656d656574696e67732e636f6d2f223b7573657269647c733a313a2237223b66697273746e616d657c733a363a2244454550414b223b6c6173746e616d657c733a353a2253494e4748223b75736572747970657c733a313a2232223b666f6c6465724e616d657c733a31323a22706564696174726963735f35223b636f6e666572656e636549647c733a313a2235223b69735f6c6f676765645f696e7c693a313b),
('04a51b835e64cb9ea71a11702e432ed2b075ad3e', '27.6.137.25', 1682743814, 0x5f5f63695f6c6173745f726567656e65726174657c693a313638323734333831343b7375626455726c7c733a32383a2268747470733a2f2f6369656e6369656d656574696e67732e636f6d2f223b7573657269647c733a313a2237223b66697273746e616d657c733a363a2244454550414b223b6c6173746e616d657c733a353a2253494e4748223b75736572747970657c733a313a2232223b666f6c6465724e616d657c733a31323a22706564696174726963735f35223b636f6e666572656e636549647c733a313a2235223b69735f6c6f676765645f696e7c693a313b),
('5bac8f295aa30b6bc2c32c004c2ebf7f0bd8386b', '27.6.137.25', 1682744488, 0x5f5f63695f6c6173745f726567656e65726174657c693a313638323734343438383b7375626455726c7c733a32383a2268747470733a2f2f6369656e6369656d656574696e67732e636f6d2f223b7573657269647c733a313a2237223b66697273746e616d657c733a363a2244454550414b223b6c6173746e616d657c733a353a2253494e4748223b75736572747970657c733a313a2232223b666f6c6465724e616d657c733a31323a22706564696174726963735f35223b636f6e666572656e636549647c733a313a2235223b69735f6c6f676765645f696e7c693a313b),
('24d231be527e8dc3c5c2140a573c4b198437c2e7', '27.6.137.25', 1682745859, 0x5f5f63695f6c6173745f726567656e65726174657c693a313638323734353835393b7375626455726c7c733a32383a2268747470733a2f2f6369656e6369656d656574696e67732e636f6d2f223b7573657269647c733a313a2237223b66697273746e616d657c733a363a2244454550414b223b6c6173746e616d657c733a353a2253494e4748223b75736572747970657c733a313a2232223b666f6c6465724e616d657c733a31323a22706564696174726963735f35223b636f6e666572656e636549647c733a313a2235223b69735f6c6f676765645f696e7c693a313b),
('d3182ff869acbb009fdd847ad80d08cd242ff3b0', '27.6.137.25', 1682744687, 0x5f5f63695f6c6173745f726567656e65726174657c693a313638323734343638373b7375626455726c7c733a32383a2268747470733a2f2f6369656e6369656d656574696e67732e636f6d2f223b7573657269647c733a313a2236223b66697273746e616d657c733a373a224c616b73686d69223b6c6173746e616d657c733a313a2250223b75736572747970657c733a313a2232223b666f6c6465724e616d657c733a32313a22696e66656374696f75732d64697365617365735f34223b636f6e666572656e636549647c733a313a2234223b69735f6c6f676765645f696e7c693a313b),
('a390baf68469bae6ad3bcbbb917443d4079412b2', '185.191.171.8', 1682745226, 0x5f5f63695f6c6173745f726567656e65726174657c693a313638323734353232363b),
('b2f17f84b1987446713b35c854227a6c09a9e8ef', '185.214.10.153', 1682745431, 0x5f5f63695f6c6173745f726567656e65726174657c693a313638323734353433313b),
('ba249967637f88dc6c280d9a94536a2ce3f34667', '27.6.137.25', 1682746226, 0x5f5f63695f6c6173745f726567656e65726174657c693a313638323734363232363b7375626455726c7c733a32383a2268747470733a2f2f6369656e6369656d656574696e67732e636f6d2f223b7573657269647c733a313a2237223b66697273746e616d657c733a363a2244454550414b223b6c6173746e616d657c733a353a2253494e4748223b75736572747970657c733a313a2232223b666f6c6465724e616d657c733a31323a22706564696174726963735f35223b636f6e666572656e636549647c733a313a2235223b69735f6c6f676765645f696e7c693a313b),
('75c8f59946e06c222ed716a6cec30fff0875b673', '54.160.66.56', 1682745899, 0x5f5f63695f6c6173745f726567656e65726174657c693a313638323734353839393b),
('1f8c4fcdecae1dc8ed3b7f067dd27c576b9c373d', '40.94.103.45', 1682745902, 0x5f5f63695f6c6173745f726567656e65726174657c693a313638323734353930323b),
('456e376537b4f407f52ac1d0131b896112b702f2', '104.45.211.239', 1682745965, 0x5f5f63695f6c6173745f726567656e65726174657c693a313638323734353936353b),
('23be4281d4500f7f7a00a4062ebbb0f1eb72bdd6', '27.6.137.25', 1682746534, 0x5f5f63695f6c6173745f726567656e65726174657c693a313638323734363533343b7375626455726c7c733a32383a2268747470733a2f2f6369656e6369656d656574696e67732e636f6d2f223b7573657269647c733a313a2237223b66697273746e616d657c733a363a2244454550414b223b6c6173746e616d657c733a353a2253494e4748223b75736572747970657c733a313a2232223b666f6c6465724e616d657c733a31323a22706564696174726963735f35223b636f6e666572656e636549647c733a313a2235223b69735f6c6f676765645f696e7c693a313b),
('401320c9e4326cd4070d050de6002c1a9da530aa', '27.6.137.25', 1682752609, 0x5f5f63695f6c6173745f726567656e65726174657c693a313638323735323630393b7375626455726c7c733a32383a2268747470733a2f2f6369656e6369656d656574696e67732e636f6d2f223b7573657269647c733a313a2237223b66697273746e616d657c733a363a2244454550414b223b6c6173746e616d657c733a353a2253494e4748223b75736572747970657c733a313a2232223b666f6c6465724e616d657c733a31323a22706564696174726963735f35223b636f6e666572656e636549647c733a313a2235223b69735f6c6f676765645f696e7c693a313b),
('755db609418bcca5992e7d691e568113948e659c', '20.104.142.155', 1682747461, 0x5f5f63695f6c6173745f726567656e65726174657c693a313638323734373436313b),
('b07db5ec5ef39a7a6a407e1c14692d2426062f31', '40.94.34.82', 1682747466, 0x5f5f63695f6c6173745f726567656e65726174657c693a313638323734373436363b),
('3ef87f0267a17c766b56c8a1d2528e510ef9bc7d', '102.135.226.104', 1682749786, 0x5f5f63695f6c6173745f726567656e65726174657c693a313638323734393738363b),
('dfebaac25c0b53db1b3a34e7e9a90ea67269cf52', '122.106.28.255', 1682750276, 0x5f5f63695f6c6173745f726567656e65726174657c693a313638323735303237363b),
('e4ef40b46f3e39fc4fdec16d6a44d529a200086d', '27.6.13.120', 1682752247, 0x5f5f63695f6c6173745f726567656e65726174657c693a313638323735323234373b7375626455726c7c733a32383a2268747470733a2f2f6369656e6369656d656574696e67732e636f6d2f223b),
('90196ce3c50b500196c7931c29440f8fa836bd62', '27.6.137.25', 1682755626, 0x5f5f63695f6c6173745f726567656e65726174657c693a313638323735353632363b7375626455726c7c733a32383a2268747470733a2f2f6369656e6369656d656574696e67732e636f6d2f223b7573657269647c733a313a2237223b66697273746e616d657c733a363a2244454550414b223b6c6173746e616d657c733a353a2253494e4748223b75736572747970657c733a313a2232223b666f6c6465724e616d657c733a31323a22706564696174726963735f35223b636f6e666572656e636549647c733a313a2235223b69735f6c6f676765645f696e7c693a313b),
('435c825669f7d5430a40f1b0a4533b6ea2151cab', '105.234.150.10', 1682753334, 0x5f5f63695f6c6173745f726567656e65726174657c693a313638323735333333343b),
('cb89bdd4d104e5fe053eca459fb7a067608c59b0', '54.36.148.211', 1682755500, 0x5f5f63695f6c6173745f726567656e65726174657c693a313638323735353530303b),
('2044450527c4d29adc2ae93149cbba904ee26f86', '27.6.137.25', 1682755635, 0x5f5f63695f6c6173745f726567656e65726174657c693a313638323735353632363b7375626455726c7c733a32383a2268747470733a2f2f6369656e6369656d656574696e67732e636f6d2f223b7573657269647c733a313a2237223b66697273746e616d657c733a363a2244454550414b223b6c6173746e616d657c733a353a2253494e4748223b75736572747970657c733a313a2232223b666f6c6465724e616d657c733a31323a22706564696174726963735f35223b636f6e666572656e636549647c733a313a2235223b69735f6c6f676765645f696e7c693a313b),
('a7024c1879c7fa937e71f162148b6b783a9c42ab', '51.107.43.35', 1682756721, 0x5f5f63695f6c6173745f726567656e65726174657c693a313638323735363732313b),
('d6985fff6b6c531527eb80b996dc8283db5a9a4b', '20.58.190.50', 1682756737, 0x5f5f63695f6c6173745f726567656e65726174657c693a313638323735363733373b),
('a85ebde9f543162f3b8f7ab81029314adadb7d13', '40.94.30.219', 1682756739, 0x5f5f63695f6c6173745f726567656e65726174657c693a313638323735363733393b),
('db2360205024a8f4d2115a211c9a745f4e2b9e72', '40.94.90.69', 1682756774, 0x5f5f63695f6c6173745f726567656e65726174657c693a313638323735363737343b),
('90351333d98f346d613c5eb91792b354641313ff', '3.69.100.171', 1682756840, 0x5f5f63695f6c6173745f726567656e65726174657c693a313638323735363834303b),
('f87d37be2129010643c06b309c7d7e43251cdc7a', '104.47.51.190', 1682756841, 0x5f5f63695f6c6173745f726567656e65726174657c693a313638323735363834313b),
('0f8be6da2789b2118d0920d4fb589c98cb1bc437', '3.69.100.171', 1682756841, 0x5f5f63695f6c6173745f726567656e65726174657c693a313638323735363834313b),
('e0cf09f2d241087d9f79e5e88705548942aa45c8', '40.94.100.34', 1682756843, 0x5f5f63695f6c6173745f726567656e65726174657c693a313638323735363834333b),
('5a1eb581a069868fe6419a7dd14ee2fc8f4dc63d', '20.91.189.128', 1682756879, 0x5f5f63695f6c6173745f726567656e65726174657c693a313638323735363837393b),
('316eb9a9717f79b73aa9e42fe869ee964dfd0fcd', '54.88.179.33', 1682756889, 0x5f5f63695f6c6173745f726567656e65726174657c693a313638323735363838393b),
('67a0a868c9fb370c4c097cea75b4c9f7a85001aa', '40.94.102.41', 1682756930, 0x5f5f63695f6c6173745f726567656e65726174657c693a313638323735363933303b),
('d67dca581b12b48a9a867c2c154f83efcc971dce', '54.156.216.56', 1682757349, 0x5f5f63695f6c6173745f726567656e65726174657c693a313638323735373334393b),
('1caeef87d6dbd2279110fac422483eac056bd2f2', '40.94.26.173', 1682757355, 0x5f5f63695f6c6173745f726567656e65726174657c693a313638323735373335353b),
('95320f5453ecfdfddca297dd937bcde32df8d715', '207.244.72.110', 1682757378, 0x5f5f63695f6c6173745f726567656e65726174657c693a313638323735373337383b),
('262a427956bc4bc88fbd24e04080d58b3a75f10f', '41.81.159.210', 1682758256, 0x5f5f63695f6c6173745f726567656e65726174657c693a313638323735383235363b),
('bbbbf2211e02eac2ece04e54705c31cf0c0ef7af', '85.254.51.59', 1682759080, 0x5f5f63695f6c6173745f726567656e65726174657c693a313638323735393038303b),
('44243f63c06af64d4ea1ddda98cc30cda6e9b407', '27.6.13.120', 1682762041, 0x5f5f63695f6c6173745f726567656e65726174657c693a313638323736323034313b),
('40b6401deb37ffd83d06f22b83d1f7510e9dffc2', '37.57.218.243', 1682760704, 0x5f5f63695f6c6173745f726567656e65726174657c693a313638323736303730343b),
('bd6870b22430506d2ec5dcbcbb8304be8ec2b6a2', '54.36.148.183', 1682760706, 0x5f5f63695f6c6173745f726567656e65726174657c693a313638323736303730363b),
('29205ac25e906fb4727e1bd53d690b273d988b7e', '37.57.218.243', 1682760708, 0x5f5f63695f6c6173745f726567656e65726174657c693a313638323736303730383b),
('74179d5c2c35c7e5e67cb2149c2b500fea67f6fd', '37.57.218.243', 1682760710, 0x5f5f63695f6c6173745f726567656e65726174657c693a313638323736303731303b),
('5c7e2a7510ff520dcbd3f775be156d8d16a05cdb', '44.214.67.45', 1682761756, 0x5f5f63695f6c6173745f726567656e65726174657c693a313638323736313735363b),
('f6ae0bcec124ee7073377534f69ea95cb5bbd3ea', '38.206.3.232', 1682761782, 0x5f5f63695f6c6173745f726567656e65726174657c693a313638323736313738323b),
('66bf835bdbd1f39b7a05a164ae2151154cca9475', '223.104.194.188', 1682761946, 0x5f5f63695f6c6173745f726567656e65726174657c693a313638323736313934363b),
('d8d4dfe8884438bb48bdcfcb7023533fb4ab18af', '27.6.13.120', 1682762038, 0x5f5f63695f6c6173745f726567656e65726174657c693a313638323736323033303b7375626455726c7c733a32383a2268747470733a2f2f6369656e6369656d656574696e67732e636f6d2f223b),
('bd8a52f09b3ece1d76afcc8b6208ba44248739f7', '27.6.13.120', 1682762075, 0x5f5f63695f6c6173745f726567656e65726174657c693a313638323736323034313b),
('f435f59022f1afd4f5aa4fbe9f05881e758062a9', '40.94.31.44', 1682762380, 0x5f5f63695f6c6173745f726567656e65726174657c693a313638323736323338303b),
('56a6038233c34612c91edef7050032e89f5e1dcf', '157.55.39.209', 1682762847, 0x5f5f63695f6c6173745f726567656e65726174657c693a313638323736323834373b),
('381b3f5c484c531c738f73e12400b45e8da2a071', '35.210.81.250', 1682763090, 0x5f5f63695f6c6173745f726567656e65726174657c693a313638323736333039303b),
('jq6f1l5i6hqld9ra9ffbk7lqtoeupecg', '::1', 1682763875, 0x5f5f63695f6c6173745f726567656e65726174657c693a313638323736333837353b75636f64657c733a31323a22766e656b693132336d313233223b70726f6a6563746d6573736167657c733a32323a224661696c656420746f206164646564206d656d626572223b),
('lg781pmse9b94klao3uncahig6m57bpr', '::1', 1682764187, 0x5f5f63695f6c6173745f726567656e65726174657c693a313638323736343138373b75636f64657c733a31323a22766e656b693132336d313233223b70726f6a6563746d6573736167657c733a32353a225375636365737366756c6c79206164646564206d656d626572223b),
('iam50st841oo07g3llsc4b676jdb1i5k', '::1', 1682764490, 0x5f5f63695f6c6173745f726567656e65726174657c693a313638323736343439303b75636f64657c733a31323a22766e656b693132336d313233223b70726f6a6563746d6573736167657c733a32353a225375636365737366756c6c79206164646564206d656d626572223b),
('99bl6sgidem4f2k4gehrqvtl9pk49neq', '::1', 1682764903, 0x5f5f63695f6c6173745f726567656e65726174657c693a313638323736343930333b75636f64657c733a31323a22766e656b693132336d313233223b70726f6a6563746d6573736167657c733a32353a225375636365737366756c6c79206164646564206d656d626572223b),
('23senv6jnf2ig0f0uo2oi9edfsg4ll63', '::1', 1682765748, 0x5f5f63695f6c6173745f726567656e65726174657c693a313638323736353734383b75636f64657c733a31323a22766e656b693132336d313233223b),
('2hinnmrd5jmrmhkeksqkioqtif3potgm', '::1', 1682765836, 0x5f5f63695f6c6173745f726567656e65726174657c693a313638323736353832383b75636f64657c733a31323a22766e656b693132336d313233223b),
('8rruv9em9p35o11tmqregsle5bvomcr0', '::1', 1683107587, 0x5f5f63695f6c6173745f726567656e65726174657c693a313638333130373538373b),
('256r37588bcltnnrhvjlqckenqipc7r1', '::1', 1683113357, 0x5f5f63695f6c6173745f726567656e65726174657c693a313638333131333335373b75636f64657c733a31323a22766e656b693132336d313233223b),
('f3em4qrqmderks146jncm3nr7v647c7d', '::1', 1683113803, 0x5f5f63695f6c6173745f726567656e65726174657c693a313638333131333830333b75636f64657c733a31323a22766e656b693132336d313233223b),
('sq1h756hrpsjb8k85h4f0mkeoruh0uvu', '::1', 1683114152, 0x5f5f63695f6c6173745f726567656e65726174657c693a313638333131343135323b75636f64657c733a31323a22766e656b693132336d313233223b),
('53qd15nqn68cd571l1tqfkpf3m36thqo', '::1', 1683115038, 0x5f5f63695f6c6173745f726567656e65726174657c693a313638333131353033383b75636f64657c733a31323a22766e656b693132336d313233223b),
('aavuep3gl4uo2km35rnt0i0vs1cmgvag', '::1', 1683117075, 0x5f5f63695f6c6173745f726567656e65726174657c693a313638333131373037353b75636f64657c733a31323a22766e656b693132336d313233223b),
('f9hmjt8pbcnratkaam69h6l9rqt0743c', '::1', 1683117230, 0x5f5f63695f6c6173745f726567656e65726174657c693a313638333131373037353b75636f64657c733a31323a22766e656b693132336d313233223b),
('r1urf19suvbtmbsgugb6q5m0etmvb6te', '::1', 1683271813, 0x5f5f63695f6c6173745f726567656e65726174657c693a313638333237313831333b75636f64657c733a31323a22766e656b693132336d313233223b),
('c0i10hs1m16adi8h85f9431ljspjbki5', '::1', 1683272272, 0x5f5f63695f6c6173745f726567656e65726174657c693a313638333237323237323b75636f64657c733a31323a22766e656b693132336d313233223b7461736b6d6573736167657c733a32333a225375636365737366756c6c79206164646564207461736b223b),
('mrga44ehjcujd1e3j1ltb6ivr8k0ho8d', '::1', 1683273176, 0x5f5f63695f6c6173745f726567656e65726174657c693a313638333237333137363b75636f64657c733a31323a22766e656b693132336d313233223b7461736b6d6573736167657c733a32333a225375636365737366756c6c79206164646564207461736b223b),
('3e6j0t9tdjr4h8ai5kfbt44fs2ac7vir', '::1', 1683273574, 0x5f5f63695f6c6173745f726567656e65726174657c693a313638333237333537343b75636f64657c733a31323a22766e656b693132336d313233223b7461736b6d6573736167657c733a32333a225375636365737366756c6c79206164646564207461736b223b),
('dh6u99q8v79rgnq413jfpasqf39biml0', '::1', 1683273877, 0x5f5f63695f6c6173745f726567656e65726174657c693a313638333237333837373b75636f64657c733a31323a22766e656b693132336d313233223b),
('ovmbpni2tkf747rij25i1o2oscdgfvgo', '::1', 1683274225, 0x5f5f63695f6c6173745f726567656e65726174657c693a313638333237343232353b75636f64657c733a31323a22766e656b693132336d313233223b7461736b6d6573736167657c733a32333a225375636365737366756c6c79206164646564207461736b223b),
('u77ij74nrmcqvnlo0lnof9bh8mh0voi1', '::1', 1683274537, 0x5f5f63695f6c6173745f726567656e65726174657c693a313638333237343533373b75636f64657c733a31323a22766e656b693132336d313233223b),
('dm5t3bgbte812jfuoav5kjo7lgqjcfgr', '::1', 1683278929, 0x5f5f63695f6c6173745f726567656e65726174657c693a313638333237383932393b75636f64657c733a31323a22766e656b693132336d313233223b),
('cv334584l91umfl89d51vai9i414mrvh', '::1', 1683279888, 0x5f5f63695f6c6173745f726567656e65726174657c693a313638333237393838383b75636f64657c733a31323a22766e656b693132336d313233223b),
('crcn3b51islfb5bqvrs04hkg8rn8d9tp', '::1', 1683280269, 0x5f5f63695f6c6173745f726567656e65726174657c693a313638333238303236393b75636f64657c733a31323a22766e656b693132336d313233223b),
('2k0jnpm2qah5gcapidnlj7gvokh9h00f', '::1', 1683280852, 0x5f5f63695f6c6173745f726567656e65726174657c693a313638333238303835323b75636f64657c733a31323a22766e656b693132336d313233223b),
('3h6ckr0er6ssn993j77dbl7ndh9srsl5', '::1', 1683281244, 0x5f5f63695f6c6173745f726567656e65726174657c693a313638333238313234343b75636f64657c733a31323a22766e656b693132336d313233223b),
('j4qti3ile0lljjtois7nelu4o2fnlhq5', '::1', 1683282877, 0x5f5f63695f6c6173745f726567656e65726174657c693a313638333238323837373b75636f64657c733a31323a22766e656b693132336d313233223b),
('4qgn03bj406p8aue1g9hfsc2juk2use5', '::1', 1683283184, 0x5f5f63695f6c6173745f726567656e65726174657c693a313638333238333138343b75636f64657c733a31323a22766e656b693132336d313233223b),
('ur6d36eoorffr1t6mmh2oq7obottmjhl', '::1', 1683283605, 0x5f5f63695f6c6173745f726567656e65726174657c693a313638333238333630353b75636f64657c733a31323a22766e656b693132336d313233223b),
('bvp1hp9hama2f0sgngmpfpl1l6ud9tjr', '::1', 1683285673, 0x5f5f63695f6c6173745f726567656e65726174657c693a313638333238353637333b75636f64657c733a31323a22766e656b693132336d313233223b),
('6egv8mvsqsq7qpjf4ng22kgkou4jrupi', '::1', 1683285985, 0x5f5f63695f6c6173745f726567656e65726174657c693a313638333238353938353b75636f64657c733a31323a22766e656b693132336d313233223b),
('fmbqeogokue37tttsad17cimdm5d347l', '::1', 1683286437, 0x5f5f63695f6c6173745f726567656e65726174657c693a313638333238363433373b75636f64657c733a31323a22766e656b693132336d313233223b),
('np1254fqvkadodp40gaosdddnb3ig1of', '::1', 1683287032, 0x5f5f63695f6c6173745f726567656e65726174657c693a313638333238373033323b75636f64657c733a31323a22766e656b693132336d313233223b),
('ad8lr770udem1sltqpdmst26c9mk86l4', '::1', 1683287141, 0x5f5f63695f6c6173745f726567656e65726174657c693a313638333238373033323b75636f64657c733a31323a22766e656b693132336d313233223b),
('lrqtoqh7j2lqlb9l92284mimtk6ihiju', '::1', 1683623067, 0x5f5f63695f6c6173745f726567656e65726174657c693a313638333632333036373b75636f64657c733a31363a227a336e66516f4b74524d49346d5a4c61223b),
('dr6plltd6jiidljukjrfi0rfr4rk9c7t', '::1', 1683623648, 0x5f5f63695f6c6173745f726567656e65726174657c693a313638333632333634383b75636f64657c733a31363a227a336e66516f4b74524d49346d5a4c61223b),
('910cmvs3d9lq9cu553ua561kece3f0cv', '::1', 1683624780, 0x5f5f63695f6c6173745f726567656e65726174657c693a313638333632343738303b75636f64657c733a31363a225a54766b6541794d554e396658674553223b),
('pmdn01pio9kmes5lr24mficradng2ler', '::1', 1683624764, 0x5f5f63695f6c6173745f726567656e65726174657c693a313638333632343736343b75636f64657c733a31323a22766e656b693132336d313233223b),
('olauseiu58d4ab87bmoe754te8o0c43p', '::1', 1683625616, 0x5f5f63695f6c6173745f726567656e65726174657c693a313638333632353631363b75636f64657c733a31323a22766e656b693132336d313233223b7465616d6d6573736167657c733a34303a225375636365737366756c6c792041737369676e65642050726f6a65637420546f204d656d62657273223b),
('aspuvkr1tng91i40ejt283va63sotcs4', '::1', 1683625113, 0x5f5f63695f6c6173745f726567656e65726174657c693a313638333632353131333b75636f64657c733a31363a225a54766b6541794d554e396658674553223b),
('seq8v4m0mecl97utf1a5gotpjaca4nbu', '::1', 1683625533, 0x5f5f63695f6c6173745f726567656e65726174657c693a313638333632353533333b75636f64657c733a31363a225a54766b6541794d554e396658674553223b),
('kpe3d5m6g3gqe4c6v6qbic7htlj7k9h5', '::1', 1683625855, 0x5f5f63695f6c6173745f726567656e65726174657c693a313638333632353835353b75636f64657c733a31363a225a54766b6541794d554e396658674553223b),
('5o2ufo60vrm4o97ief8p1qtvi17ec9m5', '::1', 1683626084, 0x5f5f63695f6c6173745f726567656e65726174657c693a313638333632363038343b75636f64657c733a31323a22766e656b693132336d313233223b),
('rh5afe4g7qim8eldd23oovg9n5s9bkn0', '::1', 1683626157, 0x5f5f63695f6c6173745f726567656e65726174657c693a313638333632363135373b75636f64657c733a31363a225a54766b6541794d554e396658674553223b),
('7h91j9ljvfhen79nk25c81jn513sokkh', '::1', 1683627299, 0x5f5f63695f6c6173745f726567656e65726174657c693a313638333632373239393b75636f64657c733a31323a22766e656b693132336d313233223b),
('o7sj03r19mk69s2fdgamvhe1hablc6oh', '::1', 1683626470, 0x5f5f63695f6c6173745f726567656e65726174657c693a313638333632363437303b75636f64657c733a31363a225a54766b6541794d554e396658674553223b),
('o1pid34a9r38gk9s3jc7menq1dp4t970', '::1', 1683626801, 0x5f5f63695f6c6173745f726567656e65726174657c693a313638333632363830313b75636f64657c733a31363a225a54766b6541794d554e396658674553223b),
('a5kdfoij9eo29p87q7t86d8useu3ud78', '::1', 1683627611, 0x5f5f63695f6c6173745f726567656e65726174657c693a313638333632373631313b75636f64657c733a31363a225a54766b6541794d554e396658674553223b),
('boat8q0egn9ih2agqe81b2d5rc2ah5ok', '::1', 1683627609, 0x5f5f63695f6c6173745f726567656e65726174657c693a313638333632373630393b75636f64657c733a31323a22766e656b693132336d313233223b),
('p84nibkarpmjdh1is7qptm6c875dlps6', '::1', 1683627887, 0x5f5f63695f6c6173745f726567656e65726174657c693a313638333632373630393b75636f64657c733a31323a22766e656b693132336d313233223b),
('l0km8kbannkoqm9p5mej5h8ute1n5oa7', '::1', 1683628955, 0x5f5f63695f6c6173745f726567656e65726174657c693a313638333632383935353b75636f64657c733a31363a225733737774456a5853674b7846516838223b),
('4tdt6o2ufqag0v644k8ksipee44onmp6', '::1', 1683629370, 0x5f5f63695f6c6173745f726567656e65726174657c693a313638333632393337303b75636f64657c733a31363a225733737774456a5853674b7846516838223b),
('6r4r59u99fj65d8vke6lm9hcnui3gm7n', '::1', 1683629680, 0x5f5f63695f6c6173745f726567656e65726174657c693a313638333632393638303b75636f64657c733a31363a225733737774456a5853674b7846516838223b),
('hpde1mine7tqsmjuo962heloujip5vkk', '::1', 1683631339, 0x5f5f63695f6c6173745f726567656e65726174657c693a313638333633313333393b75636f64657c733a31363a225733737774456a5853674b7846516838223b),
('r86nl52li2drols6nanpr1du72spao7g', '::1', 1683631665, 0x5f5f63695f6c6173745f726567656e65726174657c693a313638333633313636353b75636f64657c733a31363a225733737774456a5853674b7846516838223b),
('t4qglq9cnla5ul0tja168t2681840fqb', '::1', 1683631969, 0x5f5f63695f6c6173745f726567656e65726174657c693a313638333633313936393b75636f64657c733a31363a225733737774456a5853674b7846516838223b),
('9a1bbm800a4c2lgbuuij8g5bs0g02m3e', '::1', 1683632574, 0x5f5f63695f6c6173745f726567656e65726174657c693a313638333633323537343b75636f64657c733a31363a225733737774456a5853674b7846516838223b);
INSERT INTO `ci_sessions` (`id`, `ip_address`, `timestamp`, `data`) VALUES
('jcfkirolkghg5rbimv65ru6qcuemruva', '::1', 1683632913, 0x5f5f63695f6c6173745f726567656e65726174657c693a313638333633323931333b75636f64657c733a31363a225733737774456a5853674b7846516838223b),
('vins0rmk90dt1n3tb9frdohum90oq8sk', '::1', 1683633218, 0x5f5f63695f6c6173745f726567656e65726174657c693a313638333633333231383b75636f64657c733a31363a225733737774456a5853674b7846516838223b),
('se5crpsqq7nim1okd3ucgpccve0ms4cg', '::1', 1683633909, 0x5f5f63695f6c6173745f726567656e65726174657c693a313638333633333930393b75636f64657c733a31363a225733737774456a5853674b7846516838223b),
('3rh7pijt44h2a01paps805ndro3u74af', '::1', 1683634185, 0x5f5f63695f6c6173745f726567656e65726174657c693a313638333633343138353b75636f64657c733a31323a22766e656b693132336d313233223b),
('a7c5thphkti7nu1mnpqv42rhf2pomukq', '::1', 1683634581, 0x5f5f63695f6c6173745f726567656e65726174657c693a313638333633343538313b75636f64657c733a31363a225a54766b6541794d554e396658674553223b),
('8hn6s9ud8bf63n3km89o0nb1uqk32m3s', '::1', 1683634626, 0x5f5f63695f6c6173745f726567656e65726174657c693a313638333633343632363b75636f64657c733a31323a22766e656b693132336d313233223b),
('0d5hcqegsskjp5revvpoad9fa6kiar56', '::1', 1683634765, 0x5f5f63695f6c6173745f726567656e65726174657c693a313638333633343632363b75636f64657c733a31323a22766e656b693132336d313233223b),
('hstmsuas41asnegkda2bqd45e21r8quc', '::1', 1683634770, 0x5f5f63695f6c6173745f726567656e65726174657c693a313638333633343732393b75636f64657c733a31363a225a54766b6541794d554e396658674553223b),
('cjlnp9dauiiub6ah6sk3i1h79c61bdf1', '::1', 1683695535, 0x5f5f63695f6c6173745f726567656e65726174657c693a313638333639353533353b75636f64657c733a31363a225a54766b6541794d554e396658674553223b),
('a5pphrn0r6i035rsi0temg672bh24hme', '::1', 1683696193, 0x5f5f63695f6c6173745f726567656e65726174657c693a313638333639363139333b75636f64657c733a31363a225a54766b6541794d554e396658674553223b),
('q4gcv74rmvnqsup4rmk7qq4jvn8m29kb', '::1', 1683696514, 0x5f5f63695f6c6173745f726567656e65726174657c693a313638333639363531343b75636f64657c733a31363a225a54766b6541794d554e396658674553223b),
('8bsmgj23r9m8k8s5ennl6087judsr100', '::1', 1683696824, 0x5f5f63695f6c6173745f726567656e65726174657c693a313638333639363832343b75636f64657c733a31363a225a54766b6541794d554e396658674553223b),
('alulauvqi53ebksmf4sb7tt4ngaavo18', '::1', 1683697194, 0x5f5f63695f6c6173745f726567656e65726174657c693a313638333639373139343b75636f64657c733a31363a225a54766b6541794d554e396658674553223b),
('phn3ice7hfj26glr71c612op5fe9im56', '::1', 1683702506, 0x5f5f63695f6c6173745f726567656e65726174657c693a313638333730323530363b75636f64657c733a31363a225a54766b6541794d554e396658674553223b),
('omoklhetuupvf0dkee7v9g5gj3prg5tc', '::1', 1683702524, 0x5f5f63695f6c6173745f726567656e65726174657c693a313638333730323530363b75636f64657c733a31363a225a54766b6541794d554e396658674553223b),
('c8prsc0k69uhmb8tol8h2uvue999irhd', '::1', 1683711969, 0x5f5f63695f6c6173745f726567656e65726174657c693a313638333731313936393b75636f64657c733a31363a225a54766b6541794d554e396658674553223b),
('vd1dq91d956aopfh3pjnavcaf31tcsnb', '::1', 1683712344, 0x5f5f63695f6c6173745f726567656e65726174657c693a313638333731323334343b75636f64657c733a31363a225a54766b6541794d554e396658674553223b),
('c3v65rplku03ovdjqarelkeopdmpedr7', '::1', 1683713099, 0x5f5f63695f6c6173745f726567656e65726174657c693a313638333731333039393b75636f64657c733a31363a225a54766b6541794d554e396658674553223b),
('hapoi4gc8phq1qv1o95jddveqaao5vg3', '::1', 1683713455, 0x5f5f63695f6c6173745f726567656e65726174657c693a313638333731333435353b75636f64657c733a31363a225a54766b6541794d554e396658674553223b),
('mph87sisldoprgm6p2nah09qj542pbna', '::1', 1683713814, 0x5f5f63695f6c6173745f726567656e65726174657c693a313638333731333831343b75636f64657c733a31363a225a54766b6541794d554e396658674553223b),
('qcjo3h07hp3unii7b1nauan76s575m1m', '::1', 1683714154, 0x5f5f63695f6c6173745f726567656e65726174657c693a313638333731343135343b75636f64657c733a31363a225a54766b6541794d554e396658674553223b),
('dgc8c1s7q3dirpii3qs8jhagnhle8p52', '::1', 1683714563, 0x5f5f63695f6c6173745f726567656e65726174657c693a313638333731343536333b75636f64657c733a31363a225a54766b6541794d554e396658674553223b),
('tg97eijo903di8e52125sdi6lmhnjh40', '::1', 1683715181, 0x5f5f63695f6c6173745f726567656e65726174657c693a313638333731353138313b75636f64657c733a31363a225a54766b6541794d554e396658674553223b),
('3biibr648kc3c82b0gu855a3khhb5o67', '::1', 1683715532, 0x5f5f63695f6c6173745f726567656e65726174657c693a313638333731353533323b75636f64657c733a31363a225a54766b6541794d554e396658674553223b),
('nkfrjh3o485rfrfbdu0ldo5in0mgg0o1', '::1', 1683715862, 0x5f5f63695f6c6173745f726567656e65726174657c693a313638333731353836323b75636f64657c733a31363a225a54766b6541794d554e396658674553223b),
('a8n6neseq6it9pj3c0qjhk5tiqi20so1', '::1', 1683716303, 0x5f5f63695f6c6173745f726567656e65726174657c693a313638333731363330333b75636f64657c733a31363a225a54766b6541794d554e396658674553223b),
('ib9hmllo11jiqvrc9310up5b19ln90q3', '::1', 1683717146, 0x5f5f63695f6c6173745f726567656e65726174657c693a313638333731373134363b75636f64657c733a31363a225a54766b6541794d554e396658674553223b),
('lgumvbc3624caepsughpi4o7i01vgn1c', '::1', 1683717488, 0x5f5f63695f6c6173745f726567656e65726174657c693a313638333731373438383b75636f64657c733a31363a225a54766b6541794d554e396658674553223b),
('qf8d2nqsdqtnj0a6mvt5jjqjn186okmo', '::1', 1683717859, 0x5f5f63695f6c6173745f726567656e65726174657c693a313638333731373835393b75636f64657c733a31363a225a54766b6541794d554e396658674553223b),
('rehi9mot94g9p7q1sd9m66jv529nid1j', '::1', 1683720077, 0x5f5f63695f6c6173745f726567656e65726174657c693a313638333732303037373b75636f64657c733a31363a225a54766b6541794d554e396658674553223b),
('pmpou7il99dsnan2ans2sb7195rnvti1', '::1', 1683720417, 0x5f5f63695f6c6173745f726567656e65726174657c693a313638333732303431373b75636f64657c733a31363a225a54766b6541794d554e396658674553223b),
('olmvof7ov1q2ljata49avp5r5mr5dsmu', '::1', 1683720814, 0x5f5f63695f6c6173745f726567656e65726174657c693a313638333732303831343b75636f64657c733a31363a225a54766b6541794d554e396658674553223b),
('pfa9687vh1fsm1briv2tlubnm04pu4l2', '::1', 1683720901, 0x5f5f63695f6c6173745f726567656e65726174657c693a313638333732303831343b75636f64657c733a31363a225a54766b6541794d554e396658674553223b),
('g4hteche997gfvr463q2n0nc5h2g92ro', '::1', 1683731948, 0x5f5f63695f6c6173745f726567656e65726174657c693a313638333733313934383b75636f64657c733a31363a225a54766b6541794d554e396658674553223b),
('5a4t7urk7nev38gqaevg5gr6epaio38e', '::1', 1683732530, 0x5f5f63695f6c6173745f726567656e65726174657c693a313638333733323533303b75636f64657c733a31323a22766e656b693132336d313233223b),
('6j845baa5gn4qm59eh8b9b1sgsvtbktk', '::1', 1683732915, 0x5f5f63695f6c6173745f726567656e65726174657c693a313638333733323931353b75636f64657c733a31323a22766e656b693132336d313233223b),
('mjfpojv1ho86pjgmq5ia1k91v6rvbiso', '::1', 1683733276, 0x5f5f63695f6c6173745f726567656e65726174657c693a313638333733333237363b75636f64657c733a31323a22766e656b693132336d313233223b),
('d0olq65l0avtjg5lt85qjk126ojf9doc', '::1', 1683733578, 0x5f5f63695f6c6173745f726567656e65726174657c693a313638333733333537383b75636f64657c733a31323a22766e656b693132336d313233223b),
('t3h1o5iv3t14qjkadg3hrmj1oig4o0t4', '::1', 1683733895, 0x5f5f63695f6c6173745f726567656e65726174657c693a313638333733333839353b75636f64657c733a31323a22766e656b693132336d313233223b),
('avl59r9q7mbjl7o1pikdoipq6hqh1q4t', '::1', 1683734429, 0x5f5f63695f6c6173745f726567656e65726174657c693a313638333733343432393b75636f64657c733a31323a22766e656b693132336d313233223b),
('1quv6bbirtmdno76nk1edl9r8fnrqp59', '::1', 1683734730, 0x5f5f63695f6c6173745f726567656e65726174657c693a313638333733343733303b75636f64657c733a31323a22766e656b693132336d313233223b),
('bpqe5j23d81f33oeslr71ho21a2fu9v6', '::1', 1683735322, 0x5f5f63695f6c6173745f726567656e65726174657c693a313638333733353332323b75636f64657c733a31323a22766e656b693132336d313233223b),
('p5qfcl27bophjvdniddppn8rslo05h3m', '::1', 1683735700, 0x5f5f63695f6c6173745f726567656e65726174657c693a313638333733353730303b75636f64657c733a31323a22766e656b693132336d313233223b),
('0n0eih4m7dpn0tc4mfp2e4an0a0fp3nb', '::1', 1683736153, 0x5f5f63695f6c6173745f726567656e65726174657c693a313638333733363135333b75636f64657c733a31323a22766e656b693132336d313233223b),
('un34o7p88prmbu6s93ecb2ok8ipg86m4', '::1', 1683736528, 0x5f5f63695f6c6173745f726567656e65726174657c693a313638333733363532383b75636f64657c733a31323a22766e656b693132336d313233223b),
('ng3invu7pgpnakea5sifrqf0r051np6f', '::1', 1683736904, 0x5f5f63695f6c6173745f726567656e65726174657c693a313638333733363930343b75636f64657c733a31323a22766e656b693132336d313233223b),
('vfe001n9sdbpcl825dnmfu31erq2bkc3', '::1', 1683737280, 0x5f5f63695f6c6173745f726567656e65726174657c693a313638333733373238303b75636f64657c733a31323a22766e656b693132336d313233223b7461736b6d6573736167657c733a32333a225375636365737366756c6c79206164646564207461736b223b),
('umrfs57ocrge1b36n1np8knn0c9inemf', '::1', 1683737616, 0x5f5f63695f6c6173745f726567656e65726174657c693a313638333733373631363b75636f64657c733a31323a22766e656b693132336d313233223b),
('jis22r656dra3ttq9oi2muavv0r4o632', '::1', 1683738019, 0x5f5f63695f6c6173745f726567656e65726174657c693a313638333733383031393b75636f64657c733a31323a22766e656b693132336d313233223b),
('150odtp5jksvbdp61dvs3iu44jtt9m2u', '::1', 1683738570, 0x5f5f63695f6c6173745f726567656e65726174657c693a313638333733383537303b75636f64657c733a31323a22766e656b693132336d313233223b),
('1hmn58bi010121q6lllcj84m3p1ji66r', '::1', 1683738873, 0x5f5f63695f6c6173745f726567656e65726174657c693a313638333733383837333b75636f64657c733a31323a22766e656b693132336d313233223b70726f6a6563746d6573736167657c733a32363a225375636365737366756c6c792061646465642070726f6a656374223b),
('ajb7i92gj72u4csq8oaiblnl3b5indav', '::1', 1683739326, 0x5f5f63695f6c6173745f726567656e65726174657c693a313638333733393332363b75636f64657c733a31323a22766e656b693132336d313233223b),
('6801qgt2gc2mt9k56nmkf178p3cb7mvi', '::1', 1683739659, 0x5f5f63695f6c6173745f726567656e65726174657c693a313638333733393635393b75636f64657c733a31323a22766e656b693132336d313233223b),
('prrc615fpg6ikn82q240b3oeu3288a1o', '::1', 1683740047, 0x5f5f63695f6c6173745f726567656e65726174657c693a313638333734303034373b75636f64657c733a31323a22766e656b693132336d313233223b),
('0lj67lv7jgvfptta5k19fsm8gebgl78d', '::1', 1683740457, 0x5f5f63695f6c6173745f726567656e65726174657c693a313638333734303435373b75636f64657c733a31323a22766e656b693132336d313233223b7461736b6d6573736167657c733a32333a225375636365737366756c6c79206164646564207461736b223b),
('p4p4kevsi5u25jtud57eq47k69phavvd', '::1', 1683740770, 0x5f5f63695f6c6173745f726567656e65726174657c693a313638333734303737303b75636f64657c733a31323a22766e656b693132336d313233223b7461736b6d6573736167657c733a32333a225375636365737366756c6c79206164646564207461736b223b),
('4paj7u4rrjp57siqlnf7afupultalfm7', '::1', 1683741075, 0x5f5f63695f6c6173745f726567656e65726174657c693a313638333734313037353b75636f64657c733a31323a22766e656b693132336d313233223b),
('ggbg752epdhlocvfbj0u2ab5ufevmip9', '::1', 1683741469, 0x5f5f63695f6c6173745f726567656e65726174657c693a313638333734313436393b75636f64657c733a31323a22766e656b693132336d313233223b),
('hfsmma43c9qenre5mat4hnf4viqjc8br', '::1', 1683741944, 0x5f5f63695f6c6173745f726567656e65726174657c693a313638333734313934343b75636f64657c733a31323a22766e656b693132336d313233223b),
('v2vu6vfv2ds7q382j8cunml9cp8b2sfe', '::1', 1683742280, 0x5f5f63695f6c6173745f726567656e65726174657c693a313638333734323238303b75636f64657c733a31323a22766e656b693132336d313233223b),
('s6fc6jlofcfkfmo2l04u92d36noj9ekg', '::1', 1683742818, 0x5f5f63695f6c6173745f726567656e65726174657c693a313638333734323831383b75636f64657c733a31323a22766e656b693132336d313233223b),
('is1o9ld2493gil386r0r6h2gskiu4gn8', '::1', 1683743237, 0x5f5f63695f6c6173745f726567656e65726174657c693a313638333734333233373b75636f64657c733a31323a22766e656b693132336d313233223b),
('277n2587oejtln5eqem53hng8cvks923', '::1', 1683743541, 0x5f5f63695f6c6173745f726567656e65726174657c693a313638333734333534313b75636f64657c733a31323a22766e656b693132336d313233223b),
('pesj61sggbr7ufcml2p3fioggp7vafof', '::1', 1683743855, 0x5f5f63695f6c6173745f726567656e65726174657c693a313638333734333835353b75636f64657c733a31323a22766e656b693132336d313233223b7461736b6d6573736167657c733a32343a225375636365737366756c6c7920757064617465207461736b223b),
('crqmm8nogjd546b9hu500cijduvmj54f', '::1', 1683744362, 0x5f5f63695f6c6173745f726567656e65726174657c693a313638333734343336323b75636f64657c733a31323a22766e656b693132336d313233223b),
('234cm3vkojh9j1q0d49u4d4k2hbbitpf', '::1', 1683744363, 0x5f5f63695f6c6173745f726567656e65726174657c693a313638333734343336323b75636f64657c733a31323a22766e656b693132336d313233223b),
('i7chf0k1fm9p3qc223sear8f7guk7h3t', '::1', 1683781960, 0x5f5f63695f6c6173745f726567656e65726174657c693a313638333738313936303b75636f64657c733a31323a22766e656b693132336d313233223b),
('46rn5r6t3t20d1cego2ioqc39cv9b5no', '::1', 1683783977, 0x5f5f63695f6c6173745f726567656e65726174657c693a313638333738333937373b75636f64657c733a31323a22766e656b693132336d313233223b),
('equjfn8hpm8t574fv6pq5u6bggd2o68s', '::1', 1683784473, 0x5f5f63695f6c6173745f726567656e65726174657c693a313638333738343437333b75636f64657c733a31323a22766e656b693132336d313233223b),
('f2c9afjkf9rr0230irfvt91dq03l6cmk', '::1', 1683784805, 0x5f5f63695f6c6173745f726567656e65726174657c693a313638333738343830353b75636f64657c733a31323a22766e656b693132336d313233223b),
('j4vuocp7717brs7m9qn36ft06oa8a17o', '::1', 1683786039, 0x5f5f63695f6c6173745f726567656e65726174657c693a313638333738363033393b75636f64657c733a31323a22766e656b693132336d313233223b7461736b6d6573736167657c733a32343a225375636365737366756c6c7920757064617465207461736b223b),
('845ubbjarrede3dcl1g4o64ms3e3t2q1', '::1', 1683786510, 0x5f5f63695f6c6173745f726567656e65726174657c693a313638333738363531303b75636f64657c733a31323a22766e656b693132336d313233223b7461736b6d6573736167657c733a32343a225375636365737366756c6c7920757064617465207461736b223b),
('nro7e1desmns9l6ftscp17onor0ifuqn', '::1', 1683786923, 0x5f5f63695f6c6173745f726567656e65726174657c693a313638333738363932333b75636f64657c733a31323a22766e656b693132336d313233223b7461736b6d6573736167657c733a32343a225375636365737366756c6c7920757064617465207461736b223b),
('8liff9fva8b64sgddcusfjuisko5g42v', '::1', 1683787505, 0x5f5f63695f6c6173745f726567656e65726174657c693a313638333738373530353b75636f64657c733a31323a22766e656b693132336d313233223b7461736b6d6573736167657c733a32343a225375636365737366756c6c7920757064617465207461736b223b),
('9i5jo7oanns9kr2n1ledm6gaipfeq20k', '::1', 1683787833, 0x5f5f63695f6c6173745f726567656e65726174657c693a313638333738373833333b75636f64657c733a31323a22766e656b693132336d313233223b7461736b6d6573736167657c733a32343a225375636365737366756c6c7920757064617465207461736b223b),
('vi0on4pvd450n6kik5f3nk000da032mv', '::1', 1683788141, 0x5f5f63695f6c6173745f726567656e65726174657c693a313638333738383134313b75636f64657c733a31323a22766e656b693132336d313233223b7461736b6d6573736167657c733a32343a225375636365737366756c6c7920757064617465207461736b223b),
('24nhfbua34c553ea25saqnp30b8maa4k', '::1', 1683790989, 0x5f5f63695f6c6173745f726567656e65726174657c693a313638333739303938393b75636f64657c733a31323a22766e656b693132336d313233223b7461736b6d6573736167657c733a32343a225375636365737366756c6c7920757064617465207461736b223b),
('g03rpk8meaji1vkc1iliuglsji9j14bj', '::1', 1683797262, 0x5f5f63695f6c6173745f726567656e65726174657c693a313638333739373236323b75636f64657c733a31323a22766e656b693132336d313233223b7461736b6d6573736167657c733a32343a225375636365737366756c6c7920757064617465207461736b223b),
('8b1br4h1412v0t4734o51t7bt9qsnrje', '::1', 1683798886, 0x5f5f63695f6c6173745f726567656e65726174657c693a313638333739383838363b75636f64657c733a31323a22766e656b693132336d313233223b7461736b6d6573736167657c733a32343a225375636365737366756c6c7920757064617465207461736b223b),
('rb23ilpv7h744ra6l6obq425gdj95de0', '::1', 1683799217, 0x5f5f63695f6c6173745f726567656e65726174657c693a313638333739393231373b75636f64657c733a31323a22766e656b693132336d313233223b),
('0tmcua5s33mmivi3k10mn5jcp9g1duik', '::1', 1683801931, 0x5f5f63695f6c6173745f726567656e65726174657c693a313638333830313933313b75636f64657c733a31323a22766e656b693132336d313233223b),
('3k0dtd6qfiek5plgtlgbgp6oh7eu6s1m', '::1', 1683802650, 0x5f5f63695f6c6173745f726567656e65726174657c693a313638333830323635303b75636f64657c733a31323a22766e656b693132336d313233223b),
('c0qas7tjosvgtrf0lnps2i8gmvbdc8gj', '::1', 1683803688, 0x5f5f63695f6c6173745f726567656e65726174657c693a313638333830333638383b75636f64657c733a31323a22766e656b693132336d313233223b),
('ltsf885hcjp2k4pvsg995u7utlukmqsu', '::1', 1683803989, 0x5f5f63695f6c6173745f726567656e65726174657c693a313638333830333938393b75636f64657c733a31323a22766e656b693132336d313233223b),
('ig26rsni0ve11tq4uetg6i1su6m07r0r', '::1', 1683804296, 0x5f5f63695f6c6173745f726567656e65726174657c693a313638333830343239363b75636f64657c733a31323a22766e656b693132336d313233223b),
('0mra67o40sj9ee7hgbjlkp4r1fsn5ubs', '::1', 1683805006, 0x5f5f63695f6c6173745f726567656e65726174657c693a313638333830353030363b75636f64657c733a31363a225a54766b6541794d554e396658674553223b),
('4409kmrn5okm2henn6n78hde4sg5k68n', '::1', 1683805006, 0x5f5f63695f6c6173745f726567656e65726174657c693a313638333830353030363b75636f64657c733a31363a225a54766b6541794d554e396658674553223b),
('iqnja005hvidl8p6e8udv7c3p24vov7n', '::1', 1683827324, 0x5f5f63695f6c6173745f726567656e65726174657c693a313638333832373332343b75636f64657c733a31363a225a54766b6541794d554e396658674553223b),
('gv1aff0ncau285f6uvvnc5t6ps7pqefr', '::1', 1683827327, 0x5f5f63695f6c6173745f726567656e65726174657c693a313638333832373332343b75636f64657c733a31363a225a54766b6541794d554e396658674553223b),
('2ouf6s0efp8sjq1g040nqhq0miej6d3j', '::1', 1683867426, 0x5f5f63695f6c6173745f726567656e65726174657c693a313638333836373432363b75636f64657c733a31363a225a54766b6541794d554e396658674553223b),
('2ltivofmrsiaio40nig4ie19si0j2dat', '::1', 1683868282, 0x5f5f63695f6c6173745f726567656e65726174657c693a313638333836383238323b75636f64657c733a31363a225a54766b6541794d554e396658674553223b),
('23hnq3p9qlc5a0toj7likb8enrj1hp9g', '::1', 1683868685, 0x5f5f63695f6c6173745f726567656e65726174657c693a313638333836383638353b75636f64657c733a31363a225a54766b6541794d554e396658674553223b),
('8edggro8ng63trjcik7cu7lbhlpthhmr', '::1', 1683869137, 0x5f5f63695f6c6173745f726567656e65726174657c693a313638333836393133373b75636f64657c733a31363a22726a37585943744b6e73414a7a6d3251223b),
('4dnktr3pvsdkf5a6h8gmv39au0qk2pbh', '::1', 1683869736, 0x5f5f63695f6c6173745f726567656e65726174657c693a313638333836393733363b75636f64657c733a31363a22726a37585943744b6e73414a7a6d3251223b),
('9u63c0h2pklqg4utb3gv2nl51387p7o3', '::1', 1683870243, 0x5f5f63695f6c6173745f726567656e65726174657c693a313638333837303234333b75636f64657c733a31323a22766e656b693132336d313233223b),
('6hr8scbi0f5m5n4oacedgaqsu9eh2b6i', '::1', 1683872582, 0x5f5f63695f6c6173745f726567656e65726174657c693a313638333837323538323b75636f64657c733a31363a226c45596b624e355a3334503879733171223b),
('osdocvld1r9c8pcaar400120iugt2cu4', '::1', 1683873480, 0x5f5f63695f6c6173745f726567656e65726174657c693a313638333837333438303b75636f64657c733a31363a22683358415a3278536e7745756c763537223b),
('l87lcotiaqi0viq6ucu64uc2r2j9vaju', '::1', 1683873812, 0x5f5f63695f6c6173745f726567656e65726174657c693a313638333837333831323b75636f64657c733a31363a22683358415a3278536e7745756c763537223b),
('7afvla7tahr383j5hue5edlk5ejka9ig', '::1', 1683877075, 0x5f5f63695f6c6173745f726567656e65726174657c693a313638333837373037353b75636f64657c733a31363a225733737774456a5853674b7846516838223b),
('9dbois3j0f17v5arllir6p336tb3rd8a', '::1', 1683877470, 0x5f5f63695f6c6173745f726567656e65726174657c693a313638333837373437303b75636f64657c733a31323a22766e656b693132336d313233223b),
('te4v55077f3us1if5bjpgh4n01ppbvab', '::1', 1683878786, 0x5f5f63695f6c6173745f726567656e65726174657c693a313638333837383738363b75636f64657c733a31323a22766e656b693132336d313233223b),
('b1ltsoknsm3f329u1mt4gs4rue0v2bt8', '::1', 1683879324, 0x5f5f63695f6c6173745f726567656e65726174657c693a313638333837393332343b75636f64657c733a31363a226e426530456a363770737a4e6b644344223b),
('nspukefo7pnmr51740qlba84bbq7sljn', '::1', 1683879701, 0x5f5f63695f6c6173745f726567656e65726174657c693a313638333837393730313b75636f64657c733a31363a226e426530456a363770737a4e6b644344223b),
('k724o2arphqsn45c9do13mei8sid337k', '::1', 1683882993, 0x5f5f63695f6c6173745f726567656e65726174657c693a313638333838323939333b75636f64657c733a31363a226e426530456a363770737a4e6b644344223b),
('qq6g70t472ch7v37ka6p6c94akp65nmj', '::1', 1683884133, 0x5f5f63695f6c6173745f726567656e65726174657c693a313638333838343133333b75636f64657c733a31363a226e426530456a363770737a4e6b644344223b),
('7a1dbass2vv98i396ujk5fl6a4l6le98', '::1', 1683884452, 0x5f5f63695f6c6173745f726567656e65726174657c693a313638333838343435323b75636f64657c733a31363a226e426530456a363770737a4e6b644344223b),
('4hmtkvtm8psvepjqn79ruv22amd6uhtb', '::1', 1683884765, 0x5f5f63695f6c6173745f726567656e65726174657c693a313638333838343736353b75636f64657c733a31363a226e426530456a363770737a4e6b644344223b),
('6v38u8svu8s4gl1h0ec325r1uokkd3d6', '::1', 1683885246, 0x5f5f63695f6c6173745f726567656e65726174657c693a313638333838353234363b75636f64657c733a31363a226e426530456a363770737a4e6b644344223b),
('8hq48l2m3e5t4jmnsjpmattrqie1fiic', '::1', 1683885764, 0x5f5f63695f6c6173745f726567656e65726174657c693a313638333838353736343b75636f64657c733a31363a226e426530456a363770737a4e6b644344223b),
('ed6l1u8ssuianhekbr1jle5e96hoo7f0', '::1', 1683886245, 0x5f5f63695f6c6173745f726567656e65726174657c693a313638333838363234353b75636f64657c733a31363a226e426530456a363770737a4e6b644344223b),
('nbbkfg9lj34di36uh89qstlg1bol9uqs', '::1', 1683886286, 0x5f5f63695f6c6173745f726567656e65726174657c693a313638333838363234353b75636f64657c733a31363a226e426530456a363770737a4e6b644344223b),
('8a4eud22mu6faoj8qt5iaj4igudlbkfe', '::1', 1684125955, 0x5f5f63695f6c6173745f726567656e65726174657c693a313638343132353935353b75636f64657c733a31363a22726a37585943744b6e73414a7a6d3251223b),
('nrp5g7jsr3tnnvue7pvi7a613uh7jlt4', '::1', 1684126340, 0x5f5f63695f6c6173745f726567656e65726174657c693a313638343132363334303b75636f64657c733a31363a22726a37585943744b6e73414a7a6d3251223b),
('4doejkha249f56841s0r9ane05vv8d9h', '::1', 1684131028, 0x5f5f63695f6c6173745f726567656e65726174657c693a313638343133313032383b),
('ljmrtogtoormse9gv3q0p80k7j302tom', '::1', 1684131028, 0x5f5f63695f6c6173745f726567656e65726174657c693a313638343133313032383b75636f64657c733a31323a22766e656b693132336d313233223b),
('k8gdr2nq679393d8rn5kcgsnvnmikjm9', '::1', 1684135869, 0x5f5f63695f6c6173745f726567656e65726174657c693a313638343133353836393b75636f64657c733a31363a225a54766b6541794d554e396658674553223b),
('hrb3oaou06jlrpi3hn8j0rimfau546nt', '::1', 1684136963, 0x5f5f63695f6c6173745f726567656e65726174657c693a313638343133363936333b75636f64657c733a31363a225a54766b6541794d554e396658674553223b),
('s04udm51b85to85abfttmavq5tb2l778', '::1', 1684138167, 0x5f5f63695f6c6173745f726567656e65726174657c693a313638343133383136373b75636f64657c733a31363a225a54766b6541794d554e396658674553223b),
('ain8hmkr8qdt5q8uc06lgsmdrcjagopc', '::1', 1684138181, 0x5f5f63695f6c6173745f726567656e65726174657c693a313638343133383136373b75636f64657c733a31363a225a54766b6541794d554e396658674553223b),
('kbg3jjlf152bl56t43jos5rh0bmukno7', '::1', 1684214672, 0x5f5f63695f6c6173745f726567656e65726174657c693a313638343231343637323b75636f64657c733a31363a225a54766b6541794d554e396658674553223b),
('bn82n6rq6hrc5t4um343i7tsmte5re57', '::1', 1684215154, 0x5f5f63695f6c6173745f726567656e65726174657c693a313638343231353135343b75636f64657c733a31363a225a54766b6541794d554e396658674553223b),
('sbpm5o92fe7s4opd2h2a2u8l39dlft9m', '::1', 1684215501, 0x5f5f63695f6c6173745f726567656e65726174657c693a313638343231353530313b75636f64657c733a31363a225a54766b6541794d554e396658674553223b),
('f2jcd0rva8i77e95uiqeqvn6qlior7u8', '::1', 1684215637, 0x5f5f63695f6c6173745f726567656e65726174657c693a313638343231353530313b75636f64657c733a31363a225a54766b6541794d554e396658674553223b),
('2jll8thb695s5o0p9a2dnbhgimv2es5k', '::1', 1684256242, 0x5f5f63695f6c6173745f726567656e65726174657c693a313638343235363234323b),
('dj515a0gropagg4rblcpuhlr0dsf4m8b', '::1', 1684480326, 0x5f5f63695f6c6173745f726567656e65726174657c693a313638343438303332363b75636f64657c733a31363a225a54766b6541794d554e396658674553223b),
('41aa163jfuh0t32nle1pq0jl84g0ai89', '::1', 1684486870, 0x5f5f63695f6c6173745f726567656e65726174657c693a313638343438363837303b),
('thn6qddj9int5fr60muf476mjk2jp7db', '::1', 1684487513, 0x5f5f63695f6c6173745f726567656e65726174657c693a313638343438373531333b75636f64657c733a31363a22726a37585943744b6e73414a7a6d3251223b),
('vu4q0nvu0gq1ari3pnh8fqctpu5pgd6h', '::1', 1684490399, 0x5f5f63695f6c6173745f726567656e65726174657c693a313638343439303339393b75636f64657c733a31363a22726a37585943744b6e73414a7a6d3251223b),
('16q5totpra55lm22nfjlhdvuou3iiqht', '::1', 1684495477, 0x5f5f63695f6c6173745f726567656e65726174657c693a313638343439353437373b75636f64657c733a31363a22726a37585943744b6e73414a7a6d3251223b),
('80rn5hu9tbpsavttf5rr3u0faprostq8', '::1', 1684495477, 0x5f5f63695f6c6173745f726567656e65726174657c693a313638343439353437373b75636f64657c733a31363a22726a37585943744b6e73414a7a6d3251223b),
('o9np0nodlbpbpibk15c8ibp6svu87rk1', '::1', 1688618244, 0x5f5f63695f6c6173745f726567656e65726174657c693a313638383631383234343b75636f64657c733a31323a22766e656b693132336d313233223b),
('mdot29eqi5fgvojfmtnst1br4n2d3tu2', '::1', 1688618250, 0x5f5f63695f6c6173745f726567656e65726174657c693a313638383631383234343b75636f64657c733a31323a22766e656b693132336d313233223b),
('o5e6ov969l5f3e5c6plgf3qjd1bd3apg', '::1', 1688707780, 0x5f5f63695f6c6173745f726567656e65726174657c693a313638383730373738303b75636f64657c733a31323a22766e656b693132336d313233223b),
('e8do4re2lrmm221oks0ur8n811ai7ebg', '::1', 1688710667, 0x5f5f63695f6c6173745f726567656e65726174657c693a313638383731303636373b75636f64657c733a31323a22766e656b693132336d313233223b),
('4ag1nm8i8h5koacv4bmub0843jv9id1c', '::1', 1688711027, 0x5f5f63695f6c6173745f726567656e65726174657c693a313638383731313032373b75636f64657c733a31323a22766e656b693132336d313233223b),
('v4k9q5a4ua5t4h6ljf1q49b69tsinji2', '::1', 1688711539, 0x5f5f63695f6c6173745f726567656e65726174657c693a313638383731313533393b75636f64657c733a31363a2277745a53763150303445324b47444261223b),
('dnomupflp58hrbfqj5mcnkjai7q9fk5r', '::1', 1688711900, 0x5f5f63695f6c6173745f726567656e65726174657c693a313638383731313930303b75636f64657c733a31363a2277745a53763150303445324b47444261223b),
('t7t356ull1eaaotflm9qdq08st8lbbau', '::1', 1688712181, 0x5f5f63695f6c6173745f726567656e65726174657c693a313638383731323132363b75636f64657c733a31363a225a54766b6541794d554e396658674553223b),
('76048d0bi1207eko4oi1quen9j74ag8t', '::1', 1688725386, 0x5f5f63695f6c6173745f726567656e65726174657c693a313638383732353338363b75636f64657c733a31363a225a54766b6541794d554e396658674553223b),
('75bh4m5ocbiqtojeftj1g0p1bpr0p45j', '::1', 1688725829, 0x5f5f63695f6c6173745f726567656e65726174657c693a313638383732353832393b75636f64657c733a31363a225a54766b6541794d554e396658674553223b),
('o5d8n24jic5619osn8ma8sos0l2f02u1', '::1', 1688726199, 0x5f5f63695f6c6173745f726567656e65726174657c693a313638383732363139393b75636f64657c733a31363a225a54766b6541794d554e396658674553223b),
('onmqtsm03v65udjv58k4b4adetp81tdp', '::1', 1688727154, 0x5f5f63695f6c6173745f726567656e65726174657c693a313638383732373135343b75636f64657c733a31363a225a54766b6541794d554e396658674553223b),
('sf8qm6aerp1bjl9pnnrk60p1gosil5t3', '::1', 1688727482, 0x5f5f63695f6c6173745f726567656e65726174657c693a313638383732373438323b75636f64657c733a31363a225a54766b6541794d554e396658674553223b),
('v1tm5099p2ish5e0icgkrqlq1lmovlea', '::1', 1688727930, 0x5f5f63695f6c6173745f726567656e65726174657c693a313638383732373933303b75636f64657c733a31363a225a54766b6541794d554e396658674553223b),
('mndhke2a7o3riq7prp0pa3qoebdkb2tt', '::1', 1688727930, 0x5f5f63695f6c6173745f726567656e65726174657c693a313638383732373933303b75636f64657c733a31363a225a54766b6541794d554e396658674553223b),
('bspi52dj7iuns2aeip22od1ntaau99u8', '::1', 1689007473, 0x5f5f63695f6c6173745f726567656e65726174657c693a313638393030373436383b75636f64657c733a31323a22766e656b693132336d313233223b);

-- --------------------------------------------------------

--
-- Table structure for table `email_templates`
--

CREATE TABLE `email_templates` (
  `id` int(11) NOT NULL,
  `template_code` varchar(50) DEFAULT NULL,
  `template_for` varchar(300) DEFAULT NULL,
  `template_subject` varchar(300) NOT NULL,
  `template_body` text DEFAULT NULL,
  `template_status` int(11) DEFAULT 1
) ENGINE=InnoDB DEFAULT CHARSET=latin1;

--
-- Dumping data for table `email_templates`
--

INSERT INTO `email_templates` (`id`, `template_code`, `template_for`, `template_subject`, `template_body`, `template_status`) VALUES
(1, 'ET-20230511151404', 'register', 'New Registration', '<p>Dear {{USER}},</p>\r\n<p>\r\nPlease go through following login details to access application.</p>\r\n<p><b>Login Details:</b></p>\r\n<p><b>URL: {{APP_URL}}</b></p>\r\n<p>Email:{{USER_EMAIL}}<br />Password:{{USER_PWD}}</p>\r\n<p><b>With Regards,</b></p>\r\n<p><b>Enmovil Team</b></p>', 1);

-- --------------------------------------------------------

--
-- Table structure for table `projects`
--

CREATE TABLE `projects` (
  `id` int(11) NOT NULL,
  `project_code` varchar(100) NOT NULL,
  `project_name` varchar(300) DEFAULT NULL,
  `project_mode` varchar(100) DEFAULT NULL,
  `project_desc` text NOT NULL,
  `project_start_date` date DEFAULT NULL,
  `project_end_date` date DEFAULT NULL,
  `project_status` int(1) DEFAULT 1 COMMENT '1-inprogress, 2-readytoqa, 3-completed, 4-hold, 5-deleted, 6-risk, 7-delayed',
  `project_owner` int(11) NOT NULL,
  `created_on` datetime DEFAULT NULL
) ENGINE=InnoDB DEFAULT CHARSET=latin1;

--
-- Dumping data for table `projects`
--

INSERT INTO `projects` (`id`, `project_code`, `project_name`, `project_mode`, `project_desc`, `project_start_date`, `project_end_date`, `project_status`, `project_owner`, `created_on`) VALUES
(1, 'PRJT-20230428152009', 'AMNS-Dispatch Planning', 'poc', '', '2023-04-20', '2023-05-05', 1, 1, '2023-04-29 12:25:40'),
(2, 'PRJT-20230510190549', 'Ashokleyland', 'production', '<p>testing</p>', '2023-03-01', '2023-05-15', 1, 1, '2023-05-10 19:10:49'),
(3, 'PRJT-20230510190529', 'Ashokleyland Prod', 'production', '<p>testing</p>', '2023-04-02', '2023-05-24', 1, 1, '2023-05-10 19:13:29'),
(4, 'PRJT-20230512070550', 'Carlsburg', 'poc', '<p>Testing carlsburg application</p>', '2023-05-01', '2023-05-19', 1, 6, '2023-05-12 07:39:50');

-- --------------------------------------------------------

--
-- Table structure for table `project_documents`
--

CREATE TABLE `project_documents` (
  `id` int(11) NOT NULL,
  `project_id` int(11) DEFAULT 0,
  `project_doc` varchar(500) DEFAULT NULL,
  `created_on` datetime DEFAULT NULL,
  `uploaded_by` varchar(400) DEFAULT NULL,
  `uploaded_by_user_code` varchar(100) DEFAULT NULL
) ENGINE=InnoDB DEFAULT CHARSET=latin1;

-- --------------------------------------------------------

--
-- Table structure for table `project_logs`
--

CREATE TABLE `project_logs` (
  `id` int(11) NOT NULL,
  `project_id` int(11) DEFAULT 0,
  `task_id` int(11) DEFAULT 0,
  `team_id` int(11) NOT NULL DEFAULT 0,
  `log_message` varchar(300) DEFAULT NULL,
  `created_on` datetime DEFAULT NULL
) ENGINE=InnoDB DEFAULT CHARSET=latin1;

--
-- Dumping data for table `project_logs`
--

INSERT INTO `project_logs` (`id`, `project_id`, `task_id`, `team_id`, `log_message`, `created_on`) VALUES
(1, 0, 0, 1, 'A new user #Venkatesh Jalla has added', '2023-05-09 11:19:01'),
(2, 0, 0, 2, 'A new user #Swathi Atchutanna has added', '2023-05-09 11:19:13'),
(3, 1, 0, 1, 'A Team Lead #Venkatesh Jalla has assigned to project AMNS-Dispatch Planning', '2023-05-09 11:20:02'),
(4, 1, 0, 1, 'User #Swathi Atchutanna has assigned to project AMNS-Dispatch Planning', '2023-05-09 11:32:51'),
(5, 0, 0, 2, 'User #Swathi Atchutanna has assigned to lead Venkatesh Jalla', '2023-05-09 11:48:44'),
(6, 1, 1, 1, 'A new task # <a href=\'http://localhost/envCode/\'/view-task/\'TK-20230509120429\'>Upload Multiple files screen</a> has created by   to the project #AMNS-Dispatch Planning  and assigned to Venkatesh Jalla ', '2023-05-09 12:04:29'),
(7, 1, 1, 3, 'Uploaded files to task # <a href=\'http://localhost/envCode/\'/view-task/\'TK-20230509120429\'>Upload Multiple files screen</a> by   ', '2023-05-09 12:04:40'),
(8, 1, 2, 2, 'A new task # <a href=\'http://localhost/envCode/\'/view-task/\'TK-20230509021020\'>Demo Upload Multiple files screen</a> has created by   to the project #AMNS-Dispatch Planning  and assigned to Swathi Atchutanna ', '2023-05-09 14:10:20'),
(9, 1, 3, 1, 'A new task # <a href=\'http://localhost/envCode/\'/view-task/\'TK-20230510072932\'>Multiple 11 xls files uploads</a> has created by   to the project #AMNS-Dispatch Planning  and assigned to Venkatesh Jalla ', '2023-05-10 07:29:32'),
(10, 1, 4, 1, 'A new task # <a href=\'http://localhost/envCode/\'/view-task/\'TK-20230510073010\'>Summary output plan screen</a> has created by   to the project #AMNS-Dispatch Planning  and assigned to Venkatesh Jalla ', '2023-05-10 07:30:10'),
(11, 1, 5, 1, 'A new task # <a href=\'http://localhost/envCode/\'/view-task/\'TK-20230510073052\'>Add 3 tabs in summary output plan</a> has created by   to the project #AMNS-Dispatch Planning  and assigned to Venkatesh Jalla ', '2023-05-10 07:30:52'),
(12, 1, 6, 1, 'Uploaded files to task # <a href=\'http://localhost/envCode/\'/view-task/\'\'></a> by Venkatesh Jalla ', '2023-05-10 18:42:32'),
(13, 1, 6, 1, 'A new task # <a href=\'http://localhost/envCode/\'/view-task/\'TK-20230510064232\'>Upload Multiple files screen</a> has created by Venkatesh Jalla to the project #AMNS-Dispatch Planning  and assigned to Venkatesh Jalla ', '2023-05-10 18:42:32'),
(14, 1, 7, 1, 'Uploaded files to task # <a href=\'http://localhost/envCode/\'/view-task/\'\'></a> by Venkatesh Jalla ', '2023-05-10 18:48:00'),
(15, 1, 7, 1, 'A new task # <a href=\'http://localhost/envCode/\'/view-task/\'TK-20230510064800\'>Create a tab in input screen process</a> has created by Venkatesh Jalla to the project #AMNS-Dispatch Planning  and assigned to Venkatesh Jalla ', '2023-05-10 18:48:00'),
(16, 1, 8, 1, 'Uploaded files to task # <a href=\"http://localhost/envCode/\"/view-task/\"\"></a> by Venkatesh Jalla', '2023-05-10 19:00:42'),
(17, 1, 8, 1, 'A new task # <a href=\"http://localhost/envCode/\"/view-task/\"TK-20230510070042\">Summary output plan screen</a> has created by Venkatesh Jalla to the project #AMNS-Dispatch Planning  and assigned to Venkatesh Jalla', '2023-05-10 19:00:42'),
(18, 1, 9, 1, 'Uploaded files to task # <a href=\"http://localhost/envCode/view-task/TK-20230510070349\">rest</a> by Venkatesh Jalla', '2023-05-10 19:03:49'),
(19, 1, 9, 1, 'A new task # <a href=\"http://localhost/envCode/view-task/TK-20230510070349\">rest</a> has created by Venkatesh Jalla to the project #AMNS-Dispatch Planning  and assigned to Venkatesh Jalla', '2023-05-10 19:03:49'),
(20, 2, 0, 0, 'A new project # <a href=\'http://localhost/envCode/\'/view-project/\'PRJT-20230510190549\'>Ashokleyland</a> has created by Venkatesh Jalla ', '2023-05-10 19:10:49'),
(21, 3, 0, 0, 'A new project # <a href=\'http://localhost/envCode/view-project/PRJT-20230510190529\'>Ashokleyland Prod</a> has created by Venkatesh Jalla ', '2023-05-10 19:13:29'),
(22, 3, 10, 1, 'Uploaded files to task # <a href=\"http://localhost/envCode/view-task/TK-20230510073441\">Billing process</a> by Venkatesh Jalla', '2023-05-10 19:34:41'),
(23, 3, 10, 2, 'A new task # <a href=\"http://localhost/envCode/view-task/TK-20230510073441\">Billing process</a> has created by Venkatesh Jalla to the project #Ashokleyland Prod  and assigned to Swathi Atchutanna', '2023-05-10 19:34:41'),
(24, 2, 11, 1, 'A new task # <a href=\"http://localhost/envCode/view-task/TK-20230510074448\">etest</a> has created by Venkatesh Jalla to the project #Ashokleyland  and assigned to Venkatesh Jalla', '2023-05-10 19:44:48'),
(25, 2, 12, 1, 'A new task # <a href=\"http://localhost/envCode/view-task/TK-20230510074529\">etest</a> has created by Venkatesh Jalla to the project #Ashokleyland  and assigned to Venkatesh Jalla', '2023-05-10 19:45:29'),
(26, 2, 13, 1, 'A new task # <a href=\"http://localhost/envCode/view-task/TK-20230510074553\">etest</a> has created by Venkatesh Jalla to the project #Ashokleyland  and assigned to Venkatesh Jalla', '2023-05-10 19:45:53'),
(27, 2, 14, 1, 'A new task # <a href=\"http://localhost/envCode/view-task/TK-20230510074610\">etest</a> has created by Venkatesh Jalla to the project #Ashokleyland  and assigned to Venkatesh Jalla', '2023-05-10 19:46:10'),
(28, 2, 15, 1, 'A new task # <a href=\"http://localhost/envCode/view-task/TK-20230510074633\">etest</a> has created by Venkatesh Jalla to the project #Ashokleyland  and assigned to Venkatesh Jalla', '2023-05-10 19:46:33'),
(29, 2, 16, 1, 'A new task # <a href=\"http://localhost/envCode/view-task/TK-20230510074641\">etest</a> has created by Venkatesh Jalla to the project #Ashokleyland  and assigned to Venkatesh Jalla', '2023-05-10 19:46:41'),
(30, 1, 17, 2, 'A new task # <a href=\"http://localhost/envCode/view-task/TK-20230510074721\">asdas</a> has created by Venkatesh Jalla to the project #AMNS-Dispatch Planning  and assigned to Swathi Atchutanna', '2023-05-10 19:47:21'),
(31, 1, 18, 2, 'A new task # <a href=\"http://localhost/envCode/view-task/TK-20230510074748\">asdas</a> has created by Venkatesh Jalla to the project #AMNS-Dispatch Planning  and assigned to Swathi Atchutanna', '2023-05-10 19:47:48'),
(32, 1, 19, 2, 'A new task # <a href=\"http://localhost/envCode/view-task/TK-20230510074801\">asdas</a> has created by Venkatesh Jalla to the project #AMNS-Dispatch Planning  and assigned to Swathi Atchutanna', '2023-05-10 19:48:01'),
(33, 1, 20, 2, 'A new task # <a href=\"http://localhost/envCode/view-task/TK-20230510074808\">asdas</a> has created by Venkatesh Jalla to the project #AMNS-Dispatch Planning  and assigned to Swathi Atchutanna', '2023-05-10 19:48:08'),
(34, 1, 21, 2, 'A new task # <a href=\"http://localhost/envCode/view-task/TK-20230510074901\">asdas</a> has created by Venkatesh Jalla to the project #AMNS-Dispatch Planning  and assigned to Swathi Atchutanna', '2023-05-10 19:49:01'),
(35, 1, 21, 1, 'A task # <a href=\'http://localhost/envCode/view-task/TK-20230510074901\'>asdas</a> has update by   ', '2023-05-10 20:20:29'),
(36, 1, 21, 1, 'A task # <a href=\'http://localhost/envCode/view-task/TK-20230510074901\'>asdas</a> has update by   ', '2023-05-10 20:23:30'),
(37, 1, 20, 1, 'A task # <a href=\'http://localhost/envCode/view-task/TK-20230510074808\'>asdas</a> has update by   ', '2023-05-10 20:27:19'),
(38, 1, 20, 1, 'A task # <a href=\'http://localhost/envCode/view-task/TK-20230510074808\'>asdas</a> has update by   ', '2023-05-10 20:28:39'),
(39, 1, 19, 1, 'A task # <a href=\'http://localhost/envCode/view-task/TK-20230510074801\'>asdas</a> has update by   ', '2023-05-10 20:30:24'),
(40, 1, 9, 1, 'A task # <a href=\'http://localhost/envCode/view-task/TK-20230510070349\'>rest</a> has update by   ', '2023-05-10 20:32:38'),
(41, 1, 9, 1, 'A task # <a href=\'http://localhost/envCode/view-task/TK-20230510070349\'>rest</a> has update by   ', '2023-05-10 20:33:20'),
(42, 1, 9, 1, 'A task # <a href=\'http://localhost/envCode/view-task/TK-20230510070349\'>rest</a> has update by   ', '2023-05-10 20:35:10'),
(43, 1, 9, 1, 'A task # <a href=\'http://localhost/envCode/view-task/TK-20230510070349\'>rest</a> has update by   ', '2023-05-10 20:36:29'),
(44, 1, 9, 1, 'A task # <a href=\'http://localhost/envCode/view-task/TK-20230510070349\'>rest</a> has update by   ', '2023-05-10 20:37:11'),
(45, 1, 8, 1, 'A task # <a href=\'http://localhost/envCode/view-task/TK-20230510070042\'>Summary output plan screen</a> has update by   ', '2023-05-10 20:39:10'),
(46, 1, 8, 1, 'A task # <a href=\'http://localhost/envCode/view-task/TK-20230510070042\'>Summary output plan screen</a> has update by   ', '2023-05-10 20:41:07'),
(47, 1, 8, 1, 'A task # <a href=\'http://localhost/envCode/view-task/TK-20230510070042\'>Summary output plan screen</a> has update by   ', '2023-05-10 20:41:37'),
(48, 1, 7, 1, 'A task # <a href=\'http://localhost/envCode/view-task/TK-20230510064800\'>Create a tab in input screen process</a> has update by   ', '2023-05-11 06:13:29'),
(49, 1, 8, 1, 'A task # <a href=\'http://localhost/envCode/view-task/TK-20230510070042\'>Summary output plan screen</a> has update by   ', '2023-05-11 07:12:44'),
(50, 1, 8, 1, 'A task # <a href=\'http://localhost/envCode/view-task/TK-20230510070042\'>Summary output plan screen</a> has update by   ', '2023-05-11 07:46:17'),
(51, 1, 8, 1, 'A task # <a href=\'http://localhost/envCode/view-task/TK-20230510070042\'>Summary output plan screen</a> has update by   ', '2023-05-11 07:46:48'),
(52, 1, 8, 1, 'A task # <a href=\'http://localhost/envCode/view-task/TK-20230510070042\'>Summary output plan screen</a> has update by   ', '2023-05-11 07:47:08'),
(53, 1, 8, 1, 'A task # <a href=\'http://localhost/envCode/view-task/TK-20230510070042\'>Summary output plan screen</a> has update by   ', '2023-05-11 07:47:21'),
(54, 1, 8, 1, 'A task # <a href=\'http://localhost/envCode/view-task/TK-20230510070042\'>Summary output plan screen</a> has update by   ', '2023-05-11 07:47:33'),
(55, 1, 7, 1, 'A task # <a href=\'http://localhost/envCode/view-task/TK-20230510064800\'>Create a tab in input screen process</a> has update by   ', '2023-05-11 07:58:55'),
(56, 1, 7, 1, 'A task # <a href=\'http://localhost/envCode/view-task/TK-20230510064800\'>Create a tab in input screen process</a> has update by   ', '2023-05-11 07:59:10'),
(57, 1, 7, 1, 'A task # <a href=\'http://localhost/envCode/view-task/TK-20230510064800\'>Create a tab in input screen process</a> has update by   ', '2023-05-11 08:00:05'),
(58, 1, 7, 1, 'A task # <a href=\'http://localhost/envCode/view-task/TK-20230510064800\'>Create a tab in input screen process</a> has update by   ', '2023-05-11 08:01:50'),
(59, 1, 7, 1, 'A task # <a href=\'http://localhost/envCode/view-task/TK-20230510064800\'>Create a tab in input screen process</a> has update by   ', '2023-05-11 08:02:34'),
(60, 1, 7, 1, 'A task # <a href=\'http://localhost/envCode/view-task/TK-20230510064800\'>Create a tab in input screen process</a> has update by   ', '2023-05-11 08:04:31'),
(61, 1, 7, 1, 'A task # <a href=\'http://localhost/envCode/view-task/TK-20230510064800\'>Create a tab in input screen process</a> has update by   ', '2023-05-11 08:20:39'),
(62, 1, 7, 1, 'A task # <a href=\'http://localhost/envCode/view-task/TK-20230510064800\'>Create a tab in input screen process</a> has update by   ', '2023-05-11 08:22:19'),
(63, 1, 7, 1, 'A task # <a href=\'http://localhost/envCode/view-task/TK-20230510064800\'>Create a tab in input screen process</a> has update by   ', '2023-05-11 08:24:22'),
(64, 1, 7, 1, 'A task # <a href=\'http://localhost/envCode/view-task/TK-20230510064800\'>Create a tab in input screen process</a> has update by   ', '2023-05-11 08:28:30'),
(65, 1, 7, 1, 'A task # <a href=\'http://localhost/envCode/view-task/TK-20230510064800\'>Create a tab in input screen process</a> has update by   ', '2023-05-11 08:30:27'),
(66, 1, 7, 1, 'A task # <a href=\'http://localhost/envCode/view-task/TK-20230510064800\'>Create a tab in input screen process</a> has update by Venkatesh Jalla ', '2023-05-11 08:32:24'),
(67, 1, 7, 1, 'A task # <a href=\'http://localhost/envCode/view-task/TK-20230510064800\'>Create a tab in input screen process</a> has update by Venkatesh Jalla ', '2023-05-11 08:35:23'),
(68, 1, 7, 1, 'A task # <a href=\'http://localhost/envCode/view-task/TK-20230510064800\'>Create a tab in input screen process</a> has update by Venkatesh Jalla ', '2023-05-11 08:36:10'),
(69, 1, 7, 1, 'A task # <a href=\'http://localhost/envCode/view-task/TK-20230510064800\'>Create a tab in input screen process</a> has update by Venkatesh Jalla ', '2023-05-11 08:37:06'),
(70, 1, 7, 1, 'A task # <a href=\'http://localhost/envCode/view-task/TK-20230510064800\'>Create a tab in input screen process</a> has update by Venkatesh Jalla ', '2023-05-11 08:37:56'),
(71, 1, 7, 1, 'A task # <a href=\'http://localhost/envCode/view-task/TK-20230510064800\'>Create a tab in input screen process</a> has update by Venkatesh Jalla ', '2023-05-11 08:45:05'),
(72, 1, 7, 1, 'A task # <a href=\'http://localhost/envCode/view-task/TK-20230510064800\'>Create a tab in input screen process</a> has update by Venkatesh Jalla ', '2023-05-11 08:49:15'),
(73, 1, 7, 1, 'A task # <a href=\'http://localhost/envCode/view-task/TK-20230510064800\'>Create a tab in input screen process</a> has update by Venkatesh Jalla ', '2023-05-11 08:49:46'),
(74, 1, 7, 1, 'A task # <a href=\'http://localhost/envCode/view-task/TK-20230510064800\'>Create a tab in input screen process</a> has update by Venkatesh Jalla ', '2023-05-11 08:50:05'),
(75, 1, 7, 1, 'A task # <a href=\'http://localhost/envCode/view-task/TK-20230510064800\'>Create a tab in input screen process</a> has update by Venkatesh Jalla ', '2023-05-11 08:50:33'),
(76, 1, 7, 1, 'A task # <a href=\'http://localhost/envCode/view-task/TK-20230510064800\'>Create a tab in input screen process</a> has update by Venkatesh Jalla ', '2023-05-11 08:53:43'),
(77, 1, 7, 1, 'A task # <a href=\'http://localhost/envCode/view-task/TK-20230510064800\'>Create a tab in input screen process</a> has update by Venkatesh Jalla ', '2023-05-11 08:54:53'),
(78, 1, 7, 1, 'A task # <a href=\'http://localhost/envCode/view-task/TK-20230510064800\'>Create a tab in input screen process</a> has update by Venkatesh Jalla ', '2023-05-11 08:55:41'),
(79, 1, 7, 1, 'A task # <a href=\'http://localhost/envCode/view-task/TK-20230510064800\'>Create a tab in input screen process</a> has update by Venkatesh Jalla ', '2023-05-11 09:43:10'),
(80, 1, 7, 1, 'A task # <a href=\'http://localhost/envCode/view-task/TK-20230510064800\'>Create a tab in input screen process</a> has update by Venkatesh Jalla ', '2023-05-11 09:44:30'),
(81, 1, 7, 1, 'A task # <a href=\'http://localhost/envCode/view-task/TK-20230510064800\'>Create a tab in input screen process</a> has update by Venkatesh Jalla ', '2023-05-11 09:47:33'),
(82, 1, 7, 1, 'A task # <a href=\'http://localhost/envCode/view-task/TK-20230510064800\'>Create a tab in input screen process</a> has update by Venkatesh Jalla ', '2023-05-11 09:48:03'),
(83, 1, 7, 1, 'A task # <a href=\'http://localhost/envCode/view-task/TK-20230510064800\'>Create a tab in input screen process</a> has update by Venkatesh Jalla ', '2023-05-11 11:27:42'),
(84, 1, 7, 1, 'A task # <a href=\'http://localhost/envCode/view-task/TK-20230510064800\'>Create a tab in input screen process</a> has update by Venkatesh Jalla ', '2023-05-11 11:54:46'),
(85, 0, 0, 4, 'A new user #Syamkumar S has added', '2023-05-11 11:56:39'),
(86, 0, 0, 5, 'A new user #Venkatesh Jalla has added', '2023-05-11 12:59:22'),
(87, 2, 0, 1, 'A Team Lead #Venkatesh Jalla has assigned to project Ashokleyland', '2023-05-11 13:24:56'),
(88, 3, 0, 1, 'A Team Lead #Venkatesh Jalla has assigned to project Ashokleyland Prod', '2023-05-11 13:25:07'),
(89, 1, 0, 1, 'A Team Lead #Venkatesh Jalla has assigned to project AMNS-Dispatch Planning', '2023-05-11 13:26:39'),
(90, 2, 0, 1, 'A Team Lead #Venkatesh Jalla has assigned to project Ashokleyland', '2023-05-11 13:26:54'),
(91, 3, 0, 1, 'A Team Lead #Venkatesh Jalla has assigned to project Ashokleyland Prod', '2023-05-11 13:27:04'),
(92, 1, 0, 1, 'A Team Lead #Venkatesh Jalla has assigned to project AMNS-Dispatch Planning', '2023-05-12 07:02:11'),
(93, 2, 0, 1, 'A Team Lead #Venkatesh Jalla has assigned to project Ashokleyland', '2023-05-12 07:03:26'),
(94, 3, 0, 1, 'A Team Lead #Venkatesh Jalla has assigned to project Ashokleyland Prod', '2023-05-12 07:05:15'),
(95, 2, 0, 2, 'A Team Lead #  has assigned to project Ashokleyland', '2023-05-12 07:11:22'),
(96, 3, 0, 2, 'A Team Lead #  has assigned to project Ashokleyland Prod', '2023-05-12 07:11:41'),
(97, 4, 0, 0, 'A new project # <a href=\'http://localhost/envCode/view-project/PRJT-20230512070550\'>Carlsburg</a> has created by Venkatesh Jalla ', '2023-05-12 07:39:50'),
(98, 0, 0, 6, 'A new user #BhanuTeja Polanki has added', '2023-05-12 07:40:38'),
(99, 0, 0, 7, 'A new user #SriKrishna Aakula has added', '2023-05-12 07:42:12'),
(100, 4, 0, 6, 'A Team Lead #BhanuTeja Polanki has assigned to project Carlsburg', '2023-05-12 07:46:28'),
(101, 0, 0, 7, 'User #SriKrishna Aakula has assigned to lead BhanuTeja Polanki', '2023-05-12 08:23:15'),
(102, 0, 0, 8, 'A new user #Venkat Moganty has added', '2023-05-12 10:09:51'),
(103, 1, 1, 9, 'A task # <a href=\'http://localhost/envCode/view-task/TK-20230509120429\'>Upload Multiple files screen</a> has update by   ', '2023-05-12 10:23:57'),
(104, NULL, 22, 1, 'A new task # <a href=\"http://localhost/envCode/view-task/TK-20230516072303\">Demo subtask</a> has created by admin admin to the project #  and assigned to Venkatesh Jalla', '2023-05-16 07:23:03'),
(105, NULL, 23, 1, 'A new task # <a href=\"http://localhost/envCode/view-task/TK-20230516072521\">Subtask creation</a> has created by admin admin to the project #AMNS-Dispatch Planning  and assigned to Venkatesh Jalla', '2023-05-16 07:25:21');

-- --------------------------------------------------------

--
-- Table structure for table `solutions`
--

CREATE TABLE `solutions` (
  `id` int(11) NOT NULL,
  `s_code` varchar(50) NOT NULL,
  `solution_title` varchar(500) NOT NULL,
  `solution_desc` text NOT NULL,
  `solution_code` text DEFAULT NULL,
  `sol_status` int(11) NOT NULL DEFAULT 1,
  `solution_tags` varchar(300) NOT NULL,
  `created_by` varchar(500) NOT NULL,
  `created_on` datetime NOT NULL
) ENGINE=InnoDB DEFAULT CHARSET=latin1;

--
-- Dumping data for table `solutions`
--

INSERT INTO `solutions` (`id`, `s_code`, `solution_title`, `solution_desc`, `solution_code`, `sol_status`, `solution_tags`, `created_by`, `created_on`) VALUES
(2, 'SOL-20230510160526', 'Set timeout to an API using express js', '<p>Set timeout to an API using express js<br></p>', '//Set Timeout to API\r\nvar options = { \r\n	method: \'POST\',\r\n	url: \"www.domain.com/getDetails\",\r\n	timeout: 5000,\r\n	headers: \r\n	{\r\n	\'cache-control\': \'no-cache\',\r\n	\'content-type\': \'multipart/form-data\' \r\n	},\r\n	formData: formdata\r\n	};                 \r\n	request(options,  async function (error, response, body) {\r\n	// if (error) throw new Error(error);\r\n	if(error){\r\n		return res.status(200).send(error);\r\n	}\r\n	if (req.timedout) {\r\n		const error = new Error(\'Request timed out\');\r\n		return res.status(200).send(error);\r\n    }\r\n    else{\r\n  		return res.status(200).send(response.body);\r\n    }\r\n\r\n});\r\n', 1, 'set timeout, api timeout, node api timeout, express js timeout, express api timeout, timeout, node, nodejs, express, expressjs, api, request api,api', 'venkatesh.jalla@renmovil.in', '2023-05-10 12:26:59'),
(3, 'SOL-20230510012419', 'Documentation integrate new theme to our old react applications', '<p>&nbsp; &nbsp; Use following code to migrate react theme.<br></p>', 'Copy reactjs related files as follows:\r\nStep-1: Install csv-file-validator module in frontend as follows.\r\nnpm install csv-file-validator --save\r\nStep-2: Adding Routes in index.js or App.js\r\n        import Configurations from \"./components/billing/Configurations\";\r\n        import BillingTrips from \"./components/billing/BillingTripsComponent\";\r\n      \r\nFor react > 16.6 version use follows:\r\n\r\n<Route path=\"/configurations\" element={<Configurations /\\>} />\r\n<Route path=\"/trips\" element={<BillingTrips /\\>} />\r\n        import Configurations from \"./components/billing/Configurations\";\r\n        import BillingTrips from \"./components/billing/BillingTripsComponent\";\r\n      \r\n\r\n\r\nFor react < 16.6 version use follows:\r\n\r\n<Route path={`${process.env.PUBLIC_URL}/configurations`} component={Configurations} />\r\n<Route path={`${process.env.PUBLIC_URL}/trips`} component={BillingTrips} />\r\n\r\n\r\nStep-3: Copy billing folder in your components folder\r\n\r\nImport Ag-Grid in page\r\nFor AG-Grid newer versions\r\n\r\n      import { AgGridReact } from \'ag-grid-react\'; // the AG Grid React Component\r\n      import \'ag-grid-community/styles/ag-grid.css\'; // Core grid CSS, always needed\r\n      import \'ag-grid-community/styles/ag-theme-balham.css\'; // Optional theme CSS\r\n      import \'ag-grid-enterprise\';\r\n    \r\nFor AG-Grid older versions\r\n\r\n      import { AgGridReact } from \'@ag-grid-community/react\';\r\n      import {AllModules} from \'@ag-grid-enterprise/all-modules\';\r\n      import \"@ag-grid-enterprise/all-modules/dist/styles/ag-grid.css\";\r\n      import \"@ag-grid-enterprise/all-modules/dist/styles/ag-theme-balham.css\";\r\n    \r\n\r\n\r\nCopy expressJS related files as follows:\r\nStep-1: Install request module if does not exists or installed. use following command to install\r\n npm install request --save \r\nStep-2: Adding Routes in app.js\r\n\r\napp.use(\'/billing/\', require(\'./routes/routes.billing\'));\r\n\r\n\r\nStep-3: Copy routes.billing and model.billings files in your routes folder\r\n', 1, 'react theme, migrate, migration, migrate to new theme, reactjs, react', 'venkatesh.jalla@enmovil.in', '2023-05-10 13:24:19'),
(4, 'SOL-20230515091647', 'Ag-grid Cell alphanumeric validationin reactjs', 'cell value alpha numeric validations using reactjs', 'function AlphaNumericEditor() {}\r\nAlphaNumericEditor.prototype.init = function(params) {\r\n this.eInput = document.createElement(\'input\');\r\n this.eInput.value = params.value;\r\n var that = this;\r\n this.eInput.addEventListener(\'keypress\', function(event) {\r\n var regex = new RegExp(\"^[a-zA-Z0-9 _@-]+$\");\r\n var key = String.fromCharCode(!event.charCode ? event.which : event.charCode);\r\n if (!regex.test(key)) {\r\n that.eInput.focus();\r\n return false;\r\n }\r\n });\r\n};\r\nAlphaNumericEditor.prototype.getGui = function() {\r\n return this.eInput;\r\n};\r\nAlphaNumericEditor.prototype.getValue = function() {\r\n	var regex = new RegExp(\"^[a-zA-Z0-9 _@-]+$\");\r\n	var oVal = this.eInput.value;\r\n if (!regex.test(oVal) === true) {\r\n this.eInput.focus();\r\n return \"\";\r\n }\r\n	else{\r\n	 return this.eInput.value;\r\n	}\r\n};\r\nAlphaNumericEditor.prototype.destroy = function() {};\r\nAlphaNumericEditor.prototype.isPopup = function() {\r\n return false;\r\n};', 1, 'string validation, alphanumeric, ag-grid, validations', 'venkatesh.jalla@enmovil.in', '2023-05-15 09:16:47');

-- --------------------------------------------------------

--
-- Table structure for table `solution_attachments`
--

CREATE TABLE `solution_attachments` (
  `id` int(11) NOT NULL,
  `solution_id` int(11) DEFAULT 0,
  `solution_file` varchar(500) DEFAULT NULL,
  `solution_status` int(1) DEFAULT 1,
  `created_on` datetime DEFAULT NULL
) ENGINE=InnoDB DEFAULT CHARSET=latin1;

-- --------------------------------------------------------

--
-- Table structure for table `tasks`
--

CREATE TABLE `tasks` (
  `id` int(11) NOT NULL,
  `parent_task` int(11) NOT NULL DEFAULT 0,
  `project_id` int(11) NOT NULL DEFAULT 0,
  `task_code` varchar(50) DEFAULT NULL,
  `task_name` varchar(300) DEFAULT NULL,
  `task_desc` varchar(1000) DEFAULT NULL,
  `task_start_date` date DEFAULT NULL,
  `task_end_date` date DEFAULT NULL,
  `task_status` int(11) DEFAULT 1 COMMENT '0-new, 1-inprogress, 2-readytoqa, 3-closed, 4-reopen, 5-hold',
  `severity` varchar(11) NOT NULL,
  `priority` varchar(11) NOT NULL,
  `resoltuion` varchar(11) NOT NULL,
  `task_owners` text NOT NULL,
  `task_notes` text NOT NULL,
  `created_by` int(11) NOT NULL DEFAULT 0,
  `created_on` datetime DEFAULT NULL
) ENGINE=InnoDB DEFAULT CHARSET=latin1;

--
-- Dumping data for table `tasks`
--

INSERT INTO `tasks` (`id`, `parent_task`, `project_id`, `task_code`, `task_name`, `task_desc`, `task_start_date`, `task_end_date`, `task_status`, `severity`, `priority`, `resoltuion`, `task_owners`, `task_notes`, `created_by`, `created_on`) VALUES
(1, 0, 1, 'TK-20230509120429', 'Upload Multiple files screen', '<p>Upload Multiple files screenUpload Multiple files screenUpload Multiple files screenUpload Multiple files screenUpload Multiple files screenUpload Multiple files screenUpload Multiple files screenUpload Multiple files screenUpload Multiple files screenUpload Multiple files screenUpload Multiple files screenUpload Multiple files screen<br></p>', '2023-05-01', '2023-05-16', 3, '10', '30', '10', '1', '<p>Upload Multiple files screenUpload Multiple files screenUpload Multiple files screenUpload Multiple files screenUpload Multiple files screenUpload Multiple files screenUpload Multiple files screenUpload Multiple files screenUpload Multiple files screenUpload Multiple files screenUpload Multiple files screenUpload Multiple files screen<br></p>', 1, '2023-05-09 12:04:29'),
(2, 0, 1, 'TK-20230509021020', 'Demo Upload Multiple files screen', '<p>testing description here</p>', '2023-05-08', '2023-05-09', 3, '', '', '', '', '', 1, '2023-05-09 14:10:20'),
(3, 0, 1, 'TK-20230510072932', 'Multiple 11 xls files uploads', '<p>Multiple 11 xls files uploads</p>', '2023-05-02', '2023-05-04', 3, '', '', '', '', '', 1, '2023-05-10 07:29:32'),
(4, 0, 1, 'TK-20230510073010', 'Summary output plan screen', '<p>Summary output plan screen<br></p>', '2023-05-05', '2023-05-06', 1, '', '', '', '', '', 1, '2023-05-10 07:30:10'),
(5, 0, 1, 'TK-20230510073052', 'Add 3 tabs in summary output plan', '<p>Add 3 tabs in summary output plan<br></p>', '2023-05-05', '2023-05-08', 1, '', '', '', '', '', 1, '2023-05-10 07:30:52'),
(6, 0, 1, 'TK-20230510064232', 'Upload Multiple files screen', '<p>files test</p>', '2023-05-03', '2023-05-10', 1, '', '', '', '', '', 3, '2023-05-10 18:42:32'),
(7, 0, 1, 'TK-20230510064800', 'Create a tab in input screen process', '<p>Create a tab in input screen process<br></p>', '2023-05-10', '2023-05-12', 1, '10', '10', '10', '1', '', 3, '2023-05-10 18:48:00'),
(8, 0, 1, 'TK-20230510070042', 'Summary output plan screen', '<p>asdasd</p>', '2023-05-10', '2023-05-10', 1, '10', '10', '10', '1', '', 3, '2023-05-10 19:00:42'),
(9, 0, 1, 'TK-20230510070349', 'rest', '<p>test</p>', '2023-05-10', '2023-05-10', 1, '10', '10', '10', '1', '', 3, '2023-05-10 19:03:49'),
(10, 0, 3, 'TK-20230510073441', 'Billing process', '<p>test</p>', '2023-05-09', '2023-05-11', 1, '60', '40', '10', '2', '', 3, '2023-05-10 19:34:41'),
(11, 0, 2, 'TK-20230510074448', 'etest', '<p>test</p>', '2023-05-10', '2023-05-11', 1, '10', '10', '20', '', '', 3, '2023-05-10 19:44:48'),
(12, 0, 2, 'TK-20230510074529', 'etest', '<p>test</p>', '2023-05-10', '2023-05-11', 1, '10', '10', '20', '', '', 3, '2023-05-10 19:45:29'),
(13, 0, 2, 'TK-20230510074553', 'etest', '<p>test</p>', '2023-05-10', '2023-05-11', 1, '10', '10', '20', '', '', 3, '2023-05-10 19:45:53'),
(14, 0, 2, 'TK-20230510074610', 'etest', '<p>test</p>', '2023-05-10', '2023-05-11', 1, '10', '10', '20', '', '', 3, '2023-05-10 19:46:10'),
(15, 0, 2, 'TK-20230510074633', 'etest', '<p>test</p>', '2023-05-10', '2023-05-11', 1, '10', '10', '20', '1|2', '', 3, '2023-05-10 19:46:33'),
(16, 0, 2, 'TK-20230510074641', 'etest', '<p>test</p>', '2023-05-10', '2023-05-11', 1, '10', '10', '20', '1|2', '', 3, '2023-05-10 19:46:41'),
(17, 0, 1, 'TK-20230510074721', 'asdas', '<p>asd</p>', '2023-05-10', '2023-05-17', 1, '10', '10', '10', '1|2', '', 3, '2023-05-10 19:47:21'),
(18, 0, 1, 'TK-20230510074748', 'asdas', '<p>asd</p>', '2023-05-10', '2023-05-17', 1, '10', '10', '10', '1|2', '', 3, '2023-05-10 19:47:48'),
(19, 0, 1, 'TK-20230510074801', 'asdas', '<p>asd</p>', '2023-05-10', '2023-05-17', 1, '10', '10', '10', '1|2', '', 3, '2023-05-10 19:48:01'),
(20, 0, 1, 'TK-20230510074808', 'asdas', '<p>asd</p>', '2023-05-10', '2023-05-17', 1, '10', '10', '10', '1|2', '', 3, '2023-05-10 19:48:08'),
(21, 0, 1, 'TK-20230510074901', 'asdas', '<p>asd</p>', '2023-05-10', '2023-05-17', 1, '10', '10', '10', '1|2', '', 3, '2023-05-10 19:49:01'),
(22, 1, 1, 'TK-20230516072303', 'Demo subtask', '<p>testing to add subtasks</p>', '2023-05-16', '2023-05-18', 1, '10', '30', '10', '1|4', '<p>testing to add subtasks<br></p>', 1, '2023-05-16 07:23:03'),
(23, 21, 1, 'TK-20230516072521', 'Subtask creation', '<p>testing&nbsp;&nbsp;&nbsp;&nbsp;</p>', '2023-05-17', '2023-05-19', 1, '10', '40', '10', '1', '<p>testing</p>', 1, '2023-05-16 07:25:21');

-- --------------------------------------------------------

--
-- Table structure for table `task_documents`
--

CREATE TABLE `task_documents` (
  `id` int(11) NOT NULL,
  `project_id` int(11) DEFAULT 0,
  `task_id` int(11) DEFAULT NULL,
  `task_doc` varchar(400) DEFAULT NULL,
  `uploaded_by` varchar(300) DEFAULT NULL,
  `uploaded_by_user_code` int(11) DEFAULT NULL,
  `created_on` datetime DEFAULT NULL
) ENGINE=InnoDB DEFAULT CHARSET=latin1;

--
-- Dumping data for table `task_documents`
--

INSERT INTO `task_documents` (`id`, `project_id`, `task_id`, `task_doc`, `uploaded_by`, `uploaded_by_user_code`, `created_on`) VALUES
(1, 1, 1, '1683626680_3Dispatch_Plan_for_Pipes_24-30_Apr.xlsx', 'venkatesh.jalla@enmovil.in', 0, '2023-05-09 12:04:40'),
(2, 1, 6, '1683736952_Screenshot 2023-05-06 014853.png', 'admin@enmovil.in', 0, '2023-05-10 18:42:32'),
(3, 1, 7, '1683737280_Screenshot 2023-05-06 014853.png', 'admin@enmovil.in', 0, '2023-05-10 18:48:00'),
(4, 1, 8, '1683738042_Screenshot 2023-05-06 014853.png', 'admin@enmovil.in', 0, '2023-05-10 19:00:42'),
(5, 1, 9, '1683738229_Screenshot 2023-05-06 014929.png', 'admin@enmovil.in', 0, '2023-05-10 19:03:49'),
(6, 3, 10, '1683740081_Screenshot 2023-05-06 014853.png', 'admin@enmovil.in', 0, '2023-05-10 19:34:41');

-- --------------------------------------------------------

--
-- Table structure for table `teams`
--

CREATE TABLE `teams` (
  `id` int(11) NOT NULL,
  `team_lead_id` int(11) NOT NULL DEFAULT 0,
  `firstname` varchar(100) DEFAULT NULL,
  `lastname` varchar(100) DEFAULT NULL,
  `email` varchar(300) DEFAULT NULL,
  `mobile_no` varchar(25) DEFAULT NULL,
  `position` varchar(100) DEFAULT NULL,
  `team_status` int(11) DEFAULT 1,
  `created_on` datetime DEFAULT NULL
) ENGINE=InnoDB DEFAULT CHARSET=latin1;

--
-- Dumping data for table `teams`
--

INSERT INTO `teams` (`id`, `team_lead_id`, `firstname`, `lastname`, `email`, `mobile_no`, `position`, `team_status`, `created_on`) VALUES
(1, 0, 'Venkatesh', 'Jalla', 'venkatesh.jalla@enmovil.in', '9985802535', 'team-lead', 1, '2023-05-09 11:19:01'),
(2, 1, 'Swathi', 'Atchutanna', 'swathi.atchutanna@enmovil.in', '9985802535', 'team-executive', 1, '2023-05-09 11:19:13'),
(3, 0, 'admin', 'admin', 'admin@enmovil.in', '0000000000', 'superadmin', 1, '2023-05-09 08:16:30'),
(4, 0, 'Syamkumar', 'S', 'syamkumar.s@enmovil.in', '9985802535', 'delivery-manager', 1, '2023-05-11 11:56:39'),
(5, 0, 'Sahil', 'gupta', 'sahil.gupta@enmovil.in', '9985802535', 'project-manager', 1, '2023-05-11 12:59:22'),
(6, 0, 'BhanuTeja', 'Polanki', 'bhanu.teja@enmovil.in', '9985802535', 'team-lead', 1, '2023-05-12 07:40:38'),
(7, 6, 'SriKrishna', 'Aakula', 'srikrishna.akula@enmovil.in', '9985802535', 'team-executive', 1, '2023-05-12 07:42:12'),
(8, 0, 'Venkat', 'Moganty', 'venkat.moganty@enmovil.in', '9985802535', 'management', 1, '2023-05-12 10:09:51');

-- --------------------------------------------------------

--
-- Table structure for table `team_projects`
--

CREATE TABLE `team_projects` (
  `id` int(11) NOT NULL,
  `d_manager` int(11) NOT NULL DEFAULT 0,
  `p_manager` int(11) NOT NULL DEFAULT 0,
  `team_lead_id` int(11) DEFAULT 0,
  `team_id` int(11) DEFAULT 0,
  `project_id` int(11) DEFAULT 0,
  `project_start_date` date DEFAULT NULL,
  `project_end_date` date DEFAULT NULL,
  `project_status` int(11) DEFAULT 1,
  `team_project_status` int(11) NOT NULL DEFAULT 0,
  `created_on` datetime DEFAULT NULL
) ENGINE=InnoDB DEFAULT CHARSET=latin1;

--
-- Dumping data for table `team_projects`
--

INSERT INTO `team_projects` (`id`, `d_manager`, `p_manager`, `team_lead_id`, `team_id`, `project_id`, `project_start_date`, `project_end_date`, `project_status`, `team_project_status`, `created_on`) VALUES
(1, 4, 5, 1, 1, 1, '2023-04-20', '2023-05-05', 1, 0, '2023-05-12 07:02:11'),
(2, 4, 5, 1, 1, 2, '2023-03-01', '2023-05-15', 1, 0, '2023-05-12 07:03:26'),
(3, 4, 5, 1, 1, 3, '2023-04-02', '2023-05-24', 1, 0, '2023-05-12 07:05:15'),
(5, 4, 5, 1, 2, 2, '2023-03-01', '2023-05-15', 1, 0, '2023-05-12 07:11:22'),
(6, 4, 5, 1, 2, 3, '2023-04-02', '2023-05-24', 1, 0, '2023-05-12 07:11:41'),
(8, 4, 5, 6, 6, 4, '2023-05-01', '2023-05-19', 1, 0, '2023-05-12 07:46:28');

-- --------------------------------------------------------

--
-- Table structure for table `team_tasks`
--

CREATE TABLE `team_tasks` (
  `id` int(11) NOT NULL,
  `team_lead_id` int(11) NOT NULL DEFAULT 0,
  `team_id` int(11) DEFAULT 0,
  `project_id` int(11) DEFAULT 0,
  `task_id` int(11) NOT NULL DEFAULT 0,
  `start_date` date NOT NULL,
  `end_date` date NOT NULL,
  `task_status` int(11) NOT NULL DEFAULT 0,
  `created_on` datetime NOT NULL
) ENGINE=InnoDB DEFAULT CHARSET=latin1;

--
-- Dumping data for table `team_tasks`
--

INSERT INTO `team_tasks` (`id`, `team_lead_id`, `team_id`, `project_id`, `task_id`, `start_date`, `end_date`, `task_status`, `created_on`) VALUES
(1, 1, 1, 1, 1, '2023-05-01', '2023-05-16', 1, '2023-05-09 12:04:29'),
(2, 1, 2, 1, 2, '2023-05-08', '2023-05-09', 1, '2023-05-09 14:10:20'),
(3, 1, 1, 1, 3, '2023-05-02', '2023-05-04', 1, '2023-05-10 07:29:32'),
(4, 1, 1, 1, 4, '2023-05-05', '2023-05-06', 1, '2023-05-10 07:30:10'),
(5, 1, 1, 1, 5, '2023-05-05', '2023-05-08', 1, '2023-05-10 07:30:52'),
(6, 1, 1, 1, 6, '2023-05-03', '2023-05-10', 1, '2023-05-10 18:42:32'),
(7, 1, 1, 1, 7, '2023-05-10', '2023-05-12', 1, '2023-05-10 18:48:00'),
(8, 1, 1, 1, 8, '2023-05-10', '2023-05-10', 1, '2023-05-10 19:00:42'),
(9, 1, 1, 1, 9, '2023-05-10', '2023-05-10', 1, '2023-05-10 19:03:49'),
(10, 1, 2, 3, 10, '2023-05-09', '2023-05-11', 1, '2023-05-10 19:34:41'),
(11, 1, 1, 2, 11, '2023-05-10', '2023-05-11', 1, '2023-05-10 19:44:48'),
(12, 1, 1, 2, 12, '2023-05-10', '2023-05-11', 1, '2023-05-10 19:45:29'),
(13, 1, 1, 2, 13, '2023-05-10', '2023-05-11', 1, '2023-05-10 19:45:53'),
(14, 1, 1, 2, 14, '2023-05-10', '2023-05-11', 1, '2023-05-10 19:46:10'),
(15, 1, 1, 2, 15, '2023-05-10', '2023-05-11', 1, '2023-05-10 19:46:33'),
(16, 1, 1, 2, 16, '2023-05-10', '2023-05-11', 1, '2023-05-10 19:46:41'),
(17, 1, 2, 1, 17, '2023-05-10', '2023-05-17', 1, '2023-05-10 19:47:21'),
(18, 1, 2, 1, 18, '2023-05-10', '2023-05-17', 1, '2023-05-10 19:47:48'),
(19, 1, 2, 1, 19, '2023-05-10', '2023-05-17', 1, '2023-05-10 19:48:01'),
(20, 1, 2, 1, 20, '2023-05-10', '2023-05-17', 1, '2023-05-10 19:48:08'),
(21, 1, 2, 1, 21, '2023-05-10', '2023-05-17', 1, '2023-05-10 19:49:01'),
(22, 1, 1, NULL, 22, '2023-05-16', '2023-05-18', 1, '2023-05-16 07:23:03'),
(23, 1, 1, NULL, 23, '2023-05-17', '2023-05-19', 1, '2023-05-16 07:25:21');

-- --------------------------------------------------------

--
-- Table structure for table `users`
--

CREATE TABLE `users` (
  `id` int(11) NOT NULL,
  `team_id` int(11) NOT NULL DEFAULT 0,
  `user_code` varchar(50) NOT NULL,
  `email` varchar(300) DEFAULT NULL,
  `password` varchar(300) DEFAULT NULL,
  `password_txt` varchar(50) NOT NULL,
  `username` varchar(100) DEFAULT NULL,
  `avatar` varchar(300) NOT NULL,
  `is_active` int(11) DEFAULT 0,
  `role` varchar(50) NOT NULL DEFAULT 'executive',
  `user_type` varchar(50) NOT NULL DEFAULT 'TECHUSER',
  `created_at` datetime NOT NULL
) ENGINE=InnoDB DEFAULT CHARSET=latin1;

--
-- Dumping data for table `users`
--

INSERT INTO `users` (`id`, `team_id`, `user_code`, `email`, `password`, `password_txt`, `username`, `avatar`, `is_active`, `role`, `user_type`, `created_at`) VALUES
(1, 3, 'vneki123m123', 'admin@enmovil.in', 'd033e22ae348aeb5660fc2140aec35850c4da997', 'admin', 'Admin', 'default.png', 1, 'superadmin', 'TECHUSER', '0000-00-00 00:00:00'),
(3, 1, 'ZTvkeAyMUN9fXgES', 'venkatesh.jalla@enmovil.in', '0f9b14fedfaef6d9838c686e51d2856a631a5a82', 'enmovil@123', 'venkateshjalla', 'default.png', 1, 'lead', 'TECHUSER', '2023-05-09 11:19:01'),
(4, 2, 'W3swtEjXSgKxFQh8', 'swathi.atchutanna@enmovil.in', '0f9b14fedfaef6d9838c686e51d2856a631a5a82', 'enmovil@123', 'swathiatchutanna', 'default.png', 1, 'team-executive', 'TECHUSER', '2023-05-09 11:19:13'),
(5, 4, 'rj7XYCtKnsAJzm2Q', 'syamkumar.s@enmovil.in', '0f9b14fedfaef6d9838c686e51d2856a631a5a82', 'enmovil@123', 'syamkumars', 'default.png', 1, 'delivery-manager', 'TECHUSER', '2023-05-11 11:56:39'),
(6, 5, 'h3XAZ2xSnwEulv57', 'sahil.gupta@enmovil.in', '0f9b14fedfaef6d9838c686e51d2856a631a5a82', 'enmovil@123', 'sahilgupta', 'default.png', 1, 'project-manager', 'TECHUSER', '2023-05-11 12:59:22'),
(7, 6, 'lEYkbN5Z34P8ys1q', 'bhanu.teja@enmovil.in', '0f9b14fedfaef6d9838c686e51d2856a631a5a82', 'enmovil@123', 'bhanutejapolanki', 'default.png', 1, 'lead', 'TECHUSER', '2023-05-12 07:40:38'),
(8, 7, 'wtZSv1P04E2KGDBa', 'srikrishna.akula@enmovil.in', '0f9b14fedfaef6d9838c686e51d2856a631a5a82', 'enmovil@123', 'srikrishnaaakula', 'default.png', 1, 'team-executive', 'TECHUSER', '2023-05-12 07:42:12'),
(9, 8, 'nBe0Ej67pszNkdCD', 'venkat.moganty@enmovil.in', '0f9b14fedfaef6d9838c686e51d2856a631a5a82', 'enmovil@123', 'venkatmoganty', 'default.png', 1, 'management', 'TECHUSER', '2023-05-12 10:09:51');

--
-- Indexes for dumped tables
--

--
-- Indexes for table `email_templates`
--
ALTER TABLE `email_templates`
  ADD PRIMARY KEY (`id`);

--
-- Indexes for table `projects`
--
ALTER TABLE `projects`
  ADD PRIMARY KEY (`id`);

--
-- Indexes for table `project_documents`
--
ALTER TABLE `project_documents`
  ADD PRIMARY KEY (`id`);

--
-- Indexes for table `project_logs`
--
ALTER TABLE `project_logs`
  ADD PRIMARY KEY (`id`);

--
-- Indexes for table `solutions`
--
ALTER TABLE `solutions`
  ADD PRIMARY KEY (`id`);

--
-- Indexes for table `solution_attachments`
--
ALTER TABLE `solution_attachments`
  ADD PRIMARY KEY (`id`);

--
-- Indexes for table `tasks`
--
ALTER TABLE `tasks`
  ADD PRIMARY KEY (`id`);

--
-- Indexes for table `task_documents`
--
ALTER TABLE `task_documents`
  ADD PRIMARY KEY (`id`);

--
-- Indexes for table `teams`
--
ALTER TABLE `teams`
  ADD PRIMARY KEY (`id`);

--
-- Indexes for table `team_projects`
--
ALTER TABLE `team_projects`
  ADD PRIMARY KEY (`id`);

--
-- Indexes for table `team_tasks`
--
ALTER TABLE `team_tasks`
  ADD PRIMARY KEY (`id`);

--
-- Indexes for table `users`
--
ALTER TABLE `users`
  ADD PRIMARY KEY (`id`);

--
-- AUTO_INCREMENT for dumped tables
--

--
-- AUTO_INCREMENT for table `email_templates`
--
ALTER TABLE `email_templates`
  MODIFY `id` int(11) NOT NULL AUTO_INCREMENT, AUTO_INCREMENT=2;

--
-- AUTO_INCREMENT for table `projects`
--
ALTER TABLE `projects`
  MODIFY `id` int(11) NOT NULL AUTO_INCREMENT, AUTO_INCREMENT=5;

--
-- AUTO_INCREMENT for table `project_documents`
--
ALTER TABLE `project_documents`
  MODIFY `id` int(11) NOT NULL AUTO_INCREMENT;

--
-- AUTO_INCREMENT for table `project_logs`
--
ALTER TABLE `project_logs`
  MODIFY `id` int(11) NOT NULL AUTO_INCREMENT, AUTO_INCREMENT=106;

--
-- AUTO_INCREMENT for table `solutions`
--
ALTER TABLE `solutions`
  MODIFY `id` int(11) NOT NULL AUTO_INCREMENT, AUTO_INCREMENT=5;

--
-- AUTO_INCREMENT for table `solution_attachments`
--
ALTER TABLE `solution_attachments`
  MODIFY `id` int(11) NOT NULL AUTO_INCREMENT;

--
-- AUTO_INCREMENT for table `tasks`
--
ALTER TABLE `tasks`
  MODIFY `id` int(11) NOT NULL AUTO_INCREMENT, AUTO_INCREMENT=24;

--
-- AUTO_INCREMENT for table `task_documents`
--
ALTER TABLE `task_documents`
  MODIFY `id` int(11) NOT NULL AUTO_INCREMENT, AUTO_INCREMENT=7;

--
-- AUTO_INCREMENT for table `teams`
--
ALTER TABLE `teams`
  MODIFY `id` int(11) NOT NULL AUTO_INCREMENT, AUTO_INCREMENT=9;

--
-- AUTO_INCREMENT for table `team_projects`
--
ALTER TABLE `team_projects`
  MODIFY `id` int(11) NOT NULL AUTO_INCREMENT, AUTO_INCREMENT=9;

--
-- AUTO_INCREMENT for table `team_tasks`
--
ALTER TABLE `team_tasks`
  MODIFY `id` int(11) NOT NULL AUTO_INCREMENT, AUTO_INCREMENT=24;

--
-- AUTO_INCREMENT for table `users`
--
ALTER TABLE `users`
  MODIFY `id` int(11) NOT NULL AUTO_INCREMENT, AUTO_INCREMENT=10;
COMMIT;

/*!40101 SET CHARACTER_SET_CLIENT=@OLD_CHARACTER_SET_CLIENT */;
/*!40101 SET CHARACTER_SET_RESULTS=@OLD_CHARACTER_SET_RESULTS */;
/*!40101 SET COLLATION_CONNECTION=@OLD_COLLATION_CONNECTION */;
